CURSO_ACADEMICO;LOCALIDAD;ESTUDIO;TIPO_ESTUDIO;TIPO_EGRESO;SEXO;ALUMNOS_GRADUADOS;ALUMNOS_INTERRUMPEN_ESTUDIOS;ALUMNOS_INTERRUMPEN_EST_ANO1;ALUMNOS_TRASLADAN_OTRA_UNIV;DURACION_MEDIA_GRADUADOS;TASA_EFICIENCIA;FECHA_ACTUALIZACION
2022;Almunia de Doña Godina (La);Grado: Arquitectura Técnica;Grado;Abandono Voluntario;Hombres;0;6;3;0;;;25/08/2024
2022;Almunia de Doña Godina (La);Grado: Arquitectura Técnica;Grado;Abandono Voluntario;Mujeres;0;6;3;0;;;25/08/2024
2022;Almunia de Doña Godina (La);Grado: Arquitectura Técnica;Grado;Cambio de estudios sin simultaneidad;Hombres;0;1;1;0;;;25/08/2024
2022;Almunia de Doña Godina (La);Grado: Arquitectura Técnica;Grado;Graduado;Hombres;9;0;0;0;4.50;66.82;25/08/2024
2022;Almunia de Doña Godina (La);Grado: Arquitectura Técnica;Grado;Graduado;Mujeres;3;0;0;0;9.00;82.35;25/08/2024
2022;Almunia de Doña Godina (La);Grado: Ingeniería Civil;Grado;Abandono Voluntario;Hombres;0;8;4;0;;;25/08/2024
2022;Almunia de Doña Godina (La);Grado: Ingeniería Civil;Grado;Abandono Voluntario;Mujeres;0;3;2;0;;;25/08/2024
2022;Almunia de Doña Godina (La);Grado: Ingeniería Civil;Grado;Graduado;Hombres;3;0;0;0;;48.46;25/08/2024
2022;Almunia de Doña Godina (La);Grado: Ingeniería Civil;Grado;Graduado;Mujeres;3;0;0;0;5.00;88.70;25/08/2024
2022;Almunia de Doña Godina (La);Grado: Ingeniería de Organización Industrial;Grado;Abandono Voluntario;Hombres;0;16;8;0;;;25/08/2024
2022;Almunia de Doña Godina (La);Grado: Ingeniería de Organización Industrial;Grado;Abandono Voluntario;Mujeres;0;6;4;0;;;25/08/2024
2022;Almunia de Doña Godina (La);Grado: Ingeniería de Organización Industrial;Grado;Cambio de estudios sin simultaneidad;Hombres;0;1;1;0;;;25/08/2024
2022;Almunia de Doña Godina (La);Grado: Ingeniería de Organización Industrial;Grado;Graduado;Hombres;13;0;0;0;4.80;91.36;25/08/2024
2022;Almunia de Doña Godina (La);Grado: Ingeniería de Organización Industrial;Grado;Graduado;Mujeres;3;0;0;0;5.00;95.35;25/08/2024
2022;Almunia de Doña Godina (La);Grado: Ingeniería Mecatrónica;Grado;Abandono Voluntario;Hombres;0;21;12;0;;;25/08/2024
2022;Almunia de Doña Godina (La);Grado: Ingeniería Mecatrónica;Grado;Abandono Voluntario;Mujeres;0;5;0;0;;;25/08/2024
2022;Almunia de Doña Godina (La);Grado: Ingeniería Mecatrónica;Grado;Cambio de estudios sin simultaneidad;Hombres;0;2;2;0;;;25/08/2024
2022;Almunia de Doña Godina (La);Grado: Ingeniería Mecatrónica;Grado;Graduado;Hombres;26;0;0;0;5.47;84.38;25/08/2024
2022;Almunia de Doña Godina (La);Grado: Ingeniería Mecatrónica;Grado;Graduado;Mujeres;5;0;0;0;5.60;87.02;25/08/2024
2022;Almunia de Doña Godina (La);Grado: Programa conjunto en Ingeniería Mecatrónica-Ingeniería de Organización  Industrial;Grado;Cambio de estudios sin simultaneidad;Hombres;0;1;1;0;;;25/08/2024
2022;Almunia de Doña Godina (La);Grado: Programa conjunto en Ingeniería Mecatrónica-Ingeniería de Organización  Industrial;Grado;Incumple Régimen de permanencia;Hombres;0;1;0;0;;;25/08/2024
2022;Almunia de Doña Godina (La);Grado: Programa conjunto en Ingeniería Mecatrónica-Ingeniería de Organización  Industrial;Grado;Incumple Régimen de permanencia;Mujeres;0;1;1;0;;;25/08/2024
2022;Huesca;Grado: Administración y Dirección de Empresas;Grado;Abandono Voluntario;Hombres;0;14;7;0;;;25/08/2024
2022;Huesca;Grado: Administración y Dirección de Empresas;Grado;Abandono Voluntario;Mujeres;0;4;0;0;;;25/08/2024
2022;Huesca;Grado: Administración y Dirección de Empresas;Grado;Cambio de estudios sin simultaneidad;Hombres;0;3;2;0;;;25/08/2024
2022;Huesca;Grado: Administración y Dirección de Empresas;Grado;Graduado;Hombres;5;0;0;0;4.33;78.51;25/08/2024
2022;Huesca;Grado: Administración y Dirección de Empresas;Grado;Graduado;Mujeres;13;0;0;0;4.45;86.72;25/08/2024
2022;Huesca;Grado: Ciencias Ambientales;Grado;Abandono Voluntario;Hombres;0;10;5;0;;;25/08/2024
2022;Huesca;Grado: Ciencias Ambientales;Grado;Abandono Voluntario;Mujeres;0;5;3;0;;;25/08/2024
2022;Huesca;Grado: Ciencias Ambientales;Grado;Cambio de estudios sin simultaneidad;Hombres;0;1;0;0;;;25/08/2024
2022;Huesca;Grado: Ciencias Ambientales;Grado;Graduado;Hombres;14;0;0;0;5.58;79.94;25/08/2024
2022;Huesca;Grado: Ciencias Ambientales;Grado;Graduado;Mujeres;12;0;0;0;5.44;75.30;25/08/2024
2022;Huesca;Grado: Ciencias de la Actividad Física y del Deporte;Grado;Abandono Voluntario;Hombres;0;4;3;0;;;25/08/2024
2022;Huesca;Grado: Ciencias de la Actividad Física y del Deporte;Grado;Abandono Voluntario;Mujeres;0;1;0;0;;;25/08/2024
2022;Huesca;Grado: Ciencias de la Actividad Física y del Deporte;Grado;Cambio de estudios sin simultaneidad;Hombres;0;3;2;0;;;25/08/2024
2022;Huesca;Grado: Ciencias de la Actividad Física y del Deporte;Grado;Graduado;Hombres;41;0;0;0;4.59;93.48;25/08/2024
2022;Huesca;Grado: Ciencias de la Actividad Física y del Deporte;Grado;Graduado;Mujeres;13;0;0;0;4.00;98.83;25/08/2024
2022;Huesca;Grado: Ciencias de la Actividad Física y del Deporte;Grado;Traslado a otra Universidad;Hombres;0;0;0;2;;;25/08/2024
2022;Huesca;Grado: Enfermería;Grado;Abandono Voluntario;Hombres;0;1;1;0;;;25/08/2024
2022;Huesca;Grado: Enfermería;Grado;Abandono Voluntario;Mujeres;0;3;2;0;;;25/08/2024
2022;Huesca;Grado: Enfermería;Grado;Cambio de estudios sin simultaneidad;Hombres;0;2;2;0;;;25/08/2024
2022;Huesca;Grado: Enfermería;Grado;Cambio de estudios sin simultaneidad;Mujeres;0;1;1;0;;;25/08/2024
2022;Huesca;Grado: Enfermería;Grado;Graduado;Hombres;6;0;0;0;4.00;95.07;25/08/2024
2022;Huesca;Grado: Enfermería;Grado;Graduado;Mujeres;45;0;0;0;4.02;97.99;25/08/2024
2022;Huesca;Grado: Gestión y Administración Pública;Grado;Abandono Voluntario;Hombres;0;10;6;0;;;25/08/2024
2022;Huesca;Grado: Gestión y Administración Pública;Grado;Abandono Voluntario;Mujeres;0;19;13;0;;;25/08/2024
2022;Huesca;Grado: Gestión y Administración Pública;Grado;Cambio de estudios sin simultaneidad;Hombres;0;1;1;0;;;25/08/2024
2022;Huesca;Grado: Gestión y Administración Pública;Grado;Cambio de estudios sin simultaneidad;Mujeres;0;1;1;0;;;25/08/2024
2022;Huesca;Grado: Gestión y Administración Pública;Grado;Graduado;Hombres;3;0;0;0;4.00;100.00;25/08/2024
2022;Huesca;Grado: Gestión y Administración Pública;Grado;Graduado;Mujeres;8;0;0;0;4.00;79.92;25/08/2024
2022;Huesca;Grado: Ingeniería Agroalimentaria y del Medio Rural;Grado;Abandono Voluntario;Hombres;0;15;8;0;;;25/08/2024
2022;Huesca;Grado: Ingeniería Agroalimentaria y del Medio Rural;Grado;Abandono Voluntario;Mujeres;0;7;3;0;;;25/08/2024
2022;Huesca;Grado: Ingeniería Agroalimentaria y del Medio Rural;Grado;Cambio de estudios sin simultaneidad;Hombres;0;3;2;0;;;25/08/2024
2022;Huesca;Grado: Ingeniería Agroalimentaria y del Medio Rural;Grado;Cambio de estudios sin simultaneidad;Mujeres;0;3;1;0;;;25/08/2024
2022;Huesca;Grado: Ingeniería Agroalimentaria y del Medio Rural;Grado;Graduado;Hombres;12;0;0;0;5.60;78.47;25/08/2024
2022;Huesca;Grado: Ingeniería Agroalimentaria y del Medio Rural;Grado;Graduado;Mujeres;10;0;0;0;6.20;77.46;25/08/2024
2022;Huesca;Grado: Magisterio en Educación Infantil;Grado;Abandono Voluntario;Hombres;0;4;1;0;;;25/08/2024
2022;Huesca;Grado: Magisterio en Educación Infantil;Grado;Abandono Voluntario;Mujeres;0;16;6;0;;;25/08/2024
2022;Huesca;Grado: Magisterio en Educación Infantil;Grado;Cambio de estudios sin simultaneidad;Hombres;0;2;2;0;;;25/08/2024
2022;Huesca;Grado: Magisterio en Educación Infantil;Grado;Graduado;Hombres;7;0;0;0;4.33;87.21;25/08/2024
2022;Huesca;Grado: Magisterio en Educación Infantil;Grado;Graduado;Mujeres;107;0;0;0;4.27;95.70;25/08/2024
2022;Huesca;Grado: Magisterio en Educación Primaria;Grado;Abandono Voluntario;Hombres;0;13;3;0;;;25/08/2024
2022;Huesca;Grado: Magisterio en Educación Primaria;Grado;Abandono Voluntario;Mujeres;0;10;4;0;;;25/08/2024
2022;Huesca;Grado: Magisterio en Educación Primaria;Grado;Cambio de estudios sin simultaneidad;Hombres;0;1;0;0;;;25/08/2024
2022;Huesca;Grado: Magisterio en Educación Primaria;Grado;Graduado;Hombres;40;0;0;0;4.69;88.68;25/08/2024
2022;Huesca;Grado: Magisterio en Educación Primaria;Grado;Graduado;Mujeres;52;0;0;0;4.31;94.88;25/08/2024
2022;Huesca;Grado: Medicina;Grado;Abandono Voluntario;Hombres;0;2;1;0;;;25/08/2024
2022;Huesca;Grado: Medicina;Grado;Abandono Voluntario;Mujeres;0;1;1;0;;;25/08/2024
2022;Huesca;Grado: Medicina;Grado;Cambio de estudios sin simultaneidad;Hombres;0;1;1;0;;;25/08/2024
2022;Huesca;Grado: Medicina;Grado;Traslado a otra Universidad;Hombres;0;0;0;2;;;25/08/2024
2022;Huesca;Grado: Medicina;Grado;Traslado a otra Universidad;Mujeres;0;0;0;1;;;25/08/2024
2022;Huesca;Grado: Nutrición Humana y Dietética;Grado;Abandono Voluntario;Hombres;0;3;0;0;;;25/08/2024
2022;Huesca;Grado: Nutrición Humana y Dietética;Grado;Abandono Voluntario;Mujeres;0;7;4;0;;;25/08/2024
2022;Huesca;Grado: Nutrición Humana y Dietética;Grado;Cambio de estudios sin simultaneidad;Hombres;0;1;1;0;;;25/08/2024
2022;Huesca;Grado: Nutrición Humana y Dietética;Grado;Cambio de estudios sin simultaneidad;Mujeres;0;4;4;0;;;25/08/2024
2022;Huesca;Grado: Nutrición Humana y Dietética;Grado;Graduado;Hombres;17;0;0;0;4.50;96.48;25/08/2024
2022;Huesca;Grado: Nutrición Humana y Dietética;Grado;Graduado;Mujeres;36;0;0;0;4.65;95.44;25/08/2024
2022;Huesca;Grado: Nutrición Humana y Dietética;Grado;Traslado a otra Universidad;Mujeres;0;0;0;3;;;25/08/2024
2022;Huesca;Grado: Odontología;Grado;Abandono Voluntario;Hombres;0;2;2;0;;;25/08/2024
2022;Huesca;Grado: Odontología;Grado;Abandono Voluntario;Mujeres;0;1;0;0;;;25/08/2024
2022;Huesca;Grado: Odontología;Grado;Cambio de estudios sin simultaneidad;Mujeres;0;2;2;0;;;25/08/2024
2022;Huesca;Grado: Odontología;Grado;Graduado;Hombres;8;0;0;0;4.83;98.83;25/08/2024
2022;Huesca;Grado: Odontología;Grado;Graduado;Mujeres;21;0;0;0;5.06;97.81;25/08/2024
2022;Huesca;Grado: Odontología;Grado;Traslado a otra Universidad;Hombres;0;0;0;2;;;25/08/2024
2022;Huesca;Grado: Odontología;Grado;Traslado a otra Universidad;Mujeres;0;0;0;4;;;25/08/2024
2022;Huesca;Máster: Dirección y planificación del turismo;Máster;Abandono Voluntario;Hombres;0;2;1;0;;;25/08/2024
2022;Huesca;Máster: Dirección y planificación del turismo;Máster;Abandono Voluntario;Mujeres;0;2;1;0;;;25/08/2024
2022;Huesca;Máster: Dirección y planificación del turismo;Máster;Graduado;Hombres;5;0;0;0;1.40;90.91;25/08/2024
2022;Huesca;Máster: Dirección y planificación del turismo;Máster;Graduado;Mujeres;8;0;0;0;1.62;90.23;25/08/2024
2022;Huesca;Máster: Estudios Avanzados sobre el Lenguaje, la Comunicación y sus Patologías;Máster;Graduado;Hombres;2;0;0;0;1.00;100.00;25/08/2024
2022;Huesca;Máster: Estudios Avanzados sobre el Lenguaje, la Comunicación y sus Patologías;Máster;Graduado;Mujeres;17;0;0;0;1.18;96.59;25/08/2024
2022;Huesca;Máster: Evaluación y Entrenamiento Físico para la Salud;Máster;Abandono Voluntario;Hombres;0;4;0;0;;;25/08/2024
2022;Huesca;Máster: Evaluación y Entrenamiento Físico para la Salud;Máster;Abandono Voluntario;Mujeres;0;1;1;0;;;25/08/2024
2022;Huesca;Máster: Evaluación y Entrenamiento Físico para la Salud;Máster;Graduado;Hombres;7;0;0;0;1.00;100.00;25/08/2024
2022;Huesca;Máster: Evaluación y Entrenamiento Físico para la Salud;Máster;Graduado;Mujeres;3;0;0;0;1.00;100.00;25/08/2024
2022;Huesca;Máster: Ingeniería Agronómica;Máster;Abandono Voluntario;Hombres;0;3;0;0;;;25/08/2024
2022;Huesca;Máster: Ingeniería Agronómica;Máster;Abandono Voluntario;Mujeres;0;1;0;0;;;25/08/2024
2022;Huesca;Máster: Ingeniería Agronómica;Máster;Graduado;Hombres;3;0;0;0;3.00;86.27;25/08/2024
2022;Huesca;Máster: Ingeniería Agronómica;Máster;Graduado;Mujeres;3;0;0;0;2.00;89.11;25/08/2024
2022;Huesca;Máster: Profesorado E.S.O., F.P. y Ens. Idiom, Art y Deport;Máster;Abandono Voluntario;Hombres;0;2;0;0;;;25/08/2024
2022;Huesca;Máster: Profesorado E.S.O., F.P. y Ens. Idiom, Art y Deport;Máster;Abandono Voluntario;Mujeres;0;1;0;0;;;25/08/2024
2022;Huesca;Máster: Profesorado E.S.O., F.P. y Ens. Idiom, Art y Deport;Máster;Graduado;Hombres;19;0;0;0;1.11;98.36;25/08/2024
2022;Huesca;Máster: Profesorado E.S.O., F.P. y Ens. Idiom, Art y Deport;Máster;Graduado;Mujeres;10;0;0;0;1.50;96.15;25/08/2024
2022;Teruel;Grado: Administración y Dirección de Empresas;Grado;Abandono Voluntario;Hombres;0;7;3;0;;;25/08/2024
2022;Teruel;Grado: Administración y Dirección de Empresas;Grado;Abandono Voluntario;Mujeres;0;7;3;0;;;25/08/2024
2022;Teruel;Grado: Administración y Dirección de Empresas;Grado;Cambio de estudios sin simultaneidad;Hombres;0;2;2;0;;;25/08/2024
2022;Teruel;Grado: Administración y Dirección de Empresas;Grado;Graduado;Hombres;9;0;0;0;4.86;93.42;25/08/2024
2022;Teruel;Grado: Administración y Dirección de Empresas;Grado;Graduado;Mujeres;12;0;0;0;4.73;89.27;25/08/2024
2022;Teruel;Grado: Bellas Artes;Grado;Abandono Voluntario;Hombres;0;2;0;0;;;25/08/2024
2022;Teruel;Grado: Bellas Artes;Grado;Abandono Voluntario;Mujeres;0;5;1;0;;;25/08/2024
2022;Teruel;Grado: Bellas Artes;Grado;Cambio de estudios sin simultaneidad;Mujeres;0;1;1;0;;;25/08/2024
2022;Teruel;Grado: Bellas Artes;Grado;Graduado;Hombres;11;0;0;0;4.36;97.41;25/08/2024
2022;Teruel;Grado: Bellas Artes;Grado;Graduado;Mujeres;20;0;0;0;4.35;96.45;25/08/2024
2022;Teruel;Grado: Bellas Artes;Grado;Traslado a otra Universidad;Hombres;0;0;0;1;;;25/08/2024
2022;Teruel;Grado: Bellas Artes;Grado;Traslado a otra Universidad;Mujeres;0;0;0;2;;;25/08/2024
2022;Teruel;Grado: Enfermería;Grado;Abandono Voluntario;Hombres;0;1;0;0;;;25/08/2024
2022;Teruel;Grado: Enfermería;Grado;Abandono Voluntario;Mujeres;0;1;1;0;;;25/08/2024
2022;Teruel;Grado: Enfermería;Grado;Cambio de estudios sin simultaneidad;Mujeres;0;1;1;0;;;25/08/2024
2022;Teruel;Grado: Enfermería;Grado;Graduado;Hombres;8;0;0;0;4.00;98.74;25/08/2024
2022;Teruel;Grado: Enfermería;Grado;Graduado;Mujeres;23;0;0;0;4.00;99.52;25/08/2024
2022;Teruel;Grado: Enfermería;Grado;Traslado a otra Universidad;Mujeres;0;0;0;3;;;25/08/2024
2022;Teruel;Grado: Ingeniería Electrónica y Automática;Grado;Abandono Voluntario;Hombres;0;7;6;0;;;25/08/2024
2022;Teruel;Grado: Ingeniería Electrónica y Automática;Grado;Abandono Voluntario;Mujeres;0;2;1;0;;;25/08/2024
2022;Teruel;Grado: Ingeniería Electrónica y Automática;Grado;Cambio de estudios sin simultaneidad;Hombres;0;3;2;0;;;25/08/2024
2022;Teruel;Grado: Ingeniería Electrónica y Automática;Grado;Graduado;Hombres;11;0;0;0;5.40;81.19;25/08/2024
2022;Teruel;Grado: Ingeniería Electrónica y Automática;Grado;Graduado;Mujeres;5;0;0;0;5.50;89.92;25/08/2024
2022;Teruel;Grado: Ingeniería Electrónica y Automática;Grado;Traslado a otra Universidad;Hombres;0;0;0;2;;;25/08/2024
2022;Teruel;Grado: Ingeniería Informática;Grado;Abandono Voluntario;Hombres;0;14;4;0;;;25/08/2024
2022;Teruel;Grado: Ingeniería Informática;Grado;Graduado;Hombres;13;0;0;0;5.64;83.88;25/08/2024
2022;Teruel;Grado: Ingeniería Informática;Grado;Graduado;Mujeres;1;0;0;0;4.00;100.00;25/08/2024
2022;Teruel;Grado: Ingeniería Informática;Grado;Traslado a otra Universidad;Hombres;0;0;0;2;;;25/08/2024
2022;Teruel;Grado: Magisterio en Educación Infantil;Grado;Abandono Voluntario;Hombres;0;2;1;0;;;25/08/2024
2022;Teruel;Grado: Magisterio en Educación Infantil;Grado;Abandono Voluntario;Mujeres;0;11;2;0;;;25/08/2024
2022;Teruel;Grado: Magisterio en Educación Infantil;Grado;Graduado;Hombres;8;0;0;0;4.00;97.56;25/08/2024
2022;Teruel;Grado: Magisterio en Educación Infantil;Grado;Graduado;Mujeres;77;0;0;0;4.18;93.65;25/08/2024
2022;Teruel;Grado: Magisterio en Educación Infantil;Grado;Traslado a otra Universidad;Hombres;0;0;0;1;;;25/08/2024
2022;Teruel;Grado: Magisterio en Educación Infantil;Grado;Traslado a otra Universidad;Mujeres;0;0;0;6;;;25/08/2024
2022;Teruel;Grado: Magisterio en Educación Primaria;Grado;Abandono Voluntario;Hombres;0;13;3;0;;;25/08/2024
2022;Teruel;Grado: Magisterio en Educación Primaria;Grado;Abandono Voluntario;Mujeres;0;12;3;0;;;25/08/2024
2022;Teruel;Grado: Magisterio en Educación Primaria;Grado;Graduado;Hombres;30;0;0;0;4.54;90.65;25/08/2024
2022;Teruel;Grado: Magisterio en Educación Primaria;Grado;Graduado;Mujeres;41;0;0;0;4.22;92.99;25/08/2024
2022;Teruel;Grado: Magisterio en Educación Primaria;Grado;Traslado a otra Universidad;Hombres;0;0;0;7;;;25/08/2024
2022;Teruel;Grado: Magisterio en Educación Primaria;Grado;Traslado a otra Universidad;Mujeres;0;0;0;2;;;25/08/2024
2022;Teruel;Grado: Programa conjunto en Ingeniería Informática-Administración y Dirección de Empresas;Grado;Traslado a otra Universidad;Mujeres;0;0;0;1;;;25/08/2024
2022;Teruel;Grado: Psicología;Grado;Abandono Voluntario;Hombres;0;1;1;0;;;25/08/2024
2022;Teruel;Grado: Psicología;Grado;Abandono Voluntario;Mujeres;0;5;1;0;;;25/08/2024
2022;Teruel;Grado: Psicología;Grado;Graduado;Hombres;14;0;0;0;4.50;89.16;25/08/2024
2022;Teruel;Grado: Psicología;Grado;Graduado;Mujeres;63;0;0;0;4.39;95.17;25/08/2024
2022;Teruel;Grado: Psicología;Grado;Traslado a otra Universidad;Hombres;0;0;0;1;;;25/08/2024
2022;Teruel;Grado: Psicología;Grado;Traslado a otra Universidad;Mujeres;0;0;0;7;;;25/08/2024
2022;Teruel;Máster: Innovación y Emprendimiento en Tecnologías para la Salud y el Bienestar;Máster;Abandono Voluntario;Hombres;0;1;1;0;;;25/08/2024
2022;Teruel;Máster: Innovación y Emprendimiento en Tecnologías para la Salud y el Bienestar;Máster;Graduado;Hombres;1;0;0;0;2.00;74.07;25/08/2024
2022;Teruel;Máster: Innovación y Emprendimiento en Tecnologías para la Salud y el Bienestar;Máster;Graduado;Mujeres;1;0;0;0;1.00;100.00;25/08/2024
2022;Teruel;Máster: Profesorado E.S.O., F.P. y Ens. Idiom, Art y Deport;Máster;Abandono Voluntario;Mujeres;0;1;1;0;;;25/08/2024
2022;Teruel;Máster: Profesorado E.S.O., F.P. y Ens. Idiom, Art y Deport;Máster;Graduado;Hombres;7;0;0;0;1.33;97.22;25/08/2024
2022;Teruel;Máster: Profesorado E.S.O., F.P. y Ens. Idiom, Art y Deport;Máster;Graduado;Mujeres;16;0;0;0;1.27;98.16;25/08/2024
2022;Teruel;Máster: Psicología General Sanitaria;Máster;Graduado;Hombres;3;0;0;0;2.00;100.00;25/08/2024
2022;Teruel;Máster: Psicología General Sanitaria;Máster;Graduado;Mujeres;25;0;0;0;2.00;99.69;25/08/2024
2022;Zaragoza;Biblioteconomía y Documentación;Diplomatura o equivalente;Traslado a otra Universidad;Mujeres;0;0;0;1;;;25/08/2024
2022;Zaragoza;Ciencias Empresariales;Licenciatura o equivalente;Traslado a otra Universidad;Hombres;0;0;0;1;;;25/08/2024
2022;Zaragoza;Derecho;Licenciatura o equivalente;Traslado a otra Universidad;Hombres;0;0;0;3;;;25/08/2024
2022;Zaragoza;Derecho;Licenciatura o equivalente;Traslado a otra Universidad;Mujeres;0;0;0;1;;;25/08/2024
2022;Zaragoza;Diplomado Ciencias Empresariales;Diplomatura o equivalente;Traslado a otra Universidad;Mujeres;0;0;0;1;;;25/08/2024
2022;Zaragoza;Doctorado: PD Bioquímica y biología molecular [RD 576/2023];Doctorado;Abandono Voluntario;Hombres;0;1;0;0;;;25/08/2024
2022;Zaragoza;Doctorado: PD Bioquímica y biología molecular [RD 576/2023];Doctorado;Graduado;Hombres;9;0;0;0;4.62;;25/08/2024
2022;Zaragoza;Doctorado: PD Bioquímica y biología molecular [RD 576/2023];Doctorado;Graduado;Mujeres;7;0;0;0;4.52;;25/08/2024
2022;Zaragoza;Doctorado: PD Bioquímica y biología molecular [RD 576/2023];Doctorado;Incumple Régimen de permanencia;Hombres;0;1;0;0;;;25/08/2024
2022;Zaragoza;Doctorado: PD Calidad, seguridad y tecnología de los alimentos [RD 576/2023];Doctorado;Abandono Voluntario;Mujeres;0;1;0;0;;;25/08/2024
2022;Zaragoza;Doctorado: PD Calidad, seguridad y tecnología de los alimentos [RD 576/2023];Doctorado;Graduado;Mujeres;8;0;0;0;4.85;;25/08/2024
2022;Zaragoza;Doctorado: PD Calidad, seguridad y tecnología de los alimentos [RD 576/2023];Doctorado;Incumple Régimen de permanencia;Mujeres;0;1;0;0;;;25/08/2024
2022;Zaragoza;Doctorado: PD Ciencia analítica en química [RD 576/2023];Doctorado;Graduado;Hombres;2;0;0;0;3.64;;25/08/2024
2022;Zaragoza;Doctorado: PD Ciencia analítica en química [RD 576/2023];Doctorado;Graduado;Mujeres;5;0;0;0;4.58;;25/08/2024
2022;Zaragoza;Doctorado: PD Ciencias agrarias y del medio natural [RD 576/2023];Doctorado;Abandono Voluntario;Hombres;0;1;0;0;;;25/08/2024
2022;Zaragoza;Doctorado: PD Ciencias agrarias y del medio natural [RD 576/2023];Doctorado;Abandono Voluntario;Mujeres;0;3;0;0;;;25/08/2024
2022;Zaragoza;Doctorado: PD Ciencias agrarias y del medio natural [RD 576/2023];Doctorado;Graduado;Hombres;3;0;0;0;4.86;;25/08/2024
2022;Zaragoza;Doctorado: PD Ciencias agrarias y del medio natural [RD 576/2023];Doctorado;Graduado;Mujeres;3;0;0;0;5.01;;25/08/2024
2022;Zaragoza;Doctorado: PD Ciencias agrarias y del medio natural [RD 576/2023];Doctorado;Incumple Régimen de permanencia;Hombres;0;2;0;0;;;25/08/2024
2022;Zaragoza;Doctorado: PD Ciencias biomédicas y biotecnológicas [RD 576/2023];Doctorado;Graduado;Hombres;1;0;0;0;5.21;;25/08/2024
2022;Zaragoza;Doctorado: PD Ciencias biomédicas y biotecnológicas [RD 576/2023];Doctorado;Graduado;Mujeres;4;0;0;0;5.07;;25/08/2024
2022;Zaragoza;Doctorado: PD Ciencias biomédicas y biotecnológicas [RD 576/2023];Doctorado;Incumple Régimen de permanencia;Mujeres;0;2;0;0;;;25/08/2024
2022;Zaragoza;Doctorado: PD Ciencias de la antigüedad [RD 576/2023];Doctorado;Abandono Voluntario;Hombres;0;1;0;0;;;25/08/2024
2022;Zaragoza;Doctorado: PD Ciencias de la antigüedad [RD 576/2023];Doctorado;Graduado;Hombres;4;0;0;0;5.60;;25/08/2024
2022;Zaragoza;Doctorado: PD Ciencias de la antigüedad [RD 576/2023];Doctorado;Graduado;Mujeres;4;0;0;0;5.14;;25/08/2024
2022;Zaragoza;Doctorado: PD Ciencias de la antigüedad [RD 576/2023];Doctorado;Incumple Régimen de permanencia;Hombres;0;1;0;0;;;25/08/2024
2022;Zaragoza;Doctorado: PD Ciencias de la antigüedad [RD 576/2023];Doctorado;Incumple Régimen de permanencia;Mujeres;0;1;0;0;;;25/08/2024
2022;Zaragoza;Doctorado: PD Ciencias de la salud y del deporte [RD 576/2023];Doctorado;Abandono Voluntario;Hombres;0;3;0;0;;;25/08/2024
2022;Zaragoza;Doctorado: PD Ciencias de la salud y del deporte [RD 576/2023];Doctorado;Abandono Voluntario;Mujeres;0;3;0;0;;;25/08/2024
2022;Zaragoza;Doctorado: PD Ciencias de la salud y del deporte [RD 576/2023];Doctorado;Graduado;Hombres;5;0;0;0;4.45;;25/08/2024
2022;Zaragoza;Doctorado: PD Ciencias de la salud y del deporte [RD 576/2023];Doctorado;Graduado;Mujeres;10;0;0;0;4.79;;25/08/2024
2022;Zaragoza;Doctorado: PD Ciencias de la salud y del deporte [RD 576/2023];Doctorado;Incumple Régimen de permanencia;Mujeres;0;4;0;0;;;25/08/2024
2022;Zaragoza;Doctorado: PD Contabilidad y finanzas [RD 576/2023];Doctorado;Graduado;Hombres;3;0;0;0;4.92;;25/08/2024
2022;Zaragoza;Doctorado: PD Contabilidad y finanzas [RD 576/2023];Doctorado;Graduado;Mujeres;2;0;0;0;5.66;;25/08/2024
2022;Zaragoza;Doctorado: PD Contabilidad y finanzas [RD 576/2023];Doctorado;Incumple Régimen de permanencia;Hombres;0;2;0;0;;;25/08/2024
2022;Zaragoza;Doctorado: PD Contabilidad y finanzas [RD 576/2023];Doctorado;Incumple Régimen de permanencia;Mujeres;0;1;0;0;;;25/08/2024
2022;Zaragoza;Doctorado: PD Derecho [RD 576/2023];Doctorado;Abandono Voluntario;Mujeres;0;8;0;0;;;25/08/2024
2022;Zaragoza;Doctorado: PD Derecho [RD 576/2023];Doctorado;Graduado;Hombres;6;0;0;0;5.70;;25/08/2024
2022;Zaragoza;Doctorado: PD Derecho [RD 576/2023];Doctorado;Graduado;Mujeres;3;0;0;0;4.25;;25/08/2024
2022;Zaragoza;Doctorado: PD Derecho [RD 576/2023];Doctorado;Incumple Régimen de permanencia;Hombres;0;1;0;0;;;25/08/2024
2022;Zaragoza;Doctorado: PD Derecho [RD 576/2023];Doctorado;Incumple Régimen de permanencia;Mujeres;0;3;0;0;;;25/08/2024
2022;Zaragoza;Doctorado: PD Derechos humanos y libertades fundamentales [RD 576/2023];Doctorado;Abandono Voluntario;Mujeres;0;1;0;0;;;25/08/2024
2022;Zaragoza;Doctorado: PD Derechos humanos y libertades fundamentales [RD 576/2023];Doctorado;Graduado;Hombres;2;0;0;0;3.34;;25/08/2024
2022;Zaragoza;Doctorado: PD Derechos humanos y libertades fundamentales [RD 576/2023];Doctorado;Graduado;Mujeres;2;0;0;0;6.04;;25/08/2024
2022;Zaragoza;Doctorado: PD Derechos humanos y libertades fundamentales [RD 576/2023];Doctorado;Incumple Régimen de permanencia;Hombres;0;3;0;0;;;25/08/2024
2022;Zaragoza;Doctorado: PD Derechos humanos y libertades fundamentales [RD 576/2023];Doctorado;Incumple Régimen de permanencia;Mujeres;0;1;0;0;;;25/08/2024
2022;Zaragoza;Doctorado: PD Economía [RD 576/2023];Doctorado;Abandono Voluntario;Hombres;0;1;0;0;;;25/08/2024
2022;Zaragoza;Doctorado: PD Economía [RD 576/2023];Doctorado;Graduado;Hombres;4;0;0;0;4.70;;25/08/2024
2022;Zaragoza;Doctorado: PD Economía [RD 576/2023];Doctorado;Graduado;Mujeres;1;0;0;0;3.48;;25/08/2024
2022;Zaragoza;Doctorado: PD Economía [RD 576/2023];Doctorado;Incumple Régimen de permanencia;Hombres;0;1;0;0;;;25/08/2024
2022;Zaragoza;Doctorado: PD Economía [RD 576/2023];Doctorado;Incumple Régimen de permanencia;Mujeres;0;2;0;0;;;25/08/2024
2022;Zaragoza;Doctorado: PD Economía y gestión de las organizaciones [RD 576/2023];Doctorado;Abandono Voluntario;Hombres;0;1;0;0;;;25/08/2024
2022;Zaragoza;Doctorado: PD Economía y gestión de las organizaciones [RD 576/2023];Doctorado;Abandono Voluntario;Mujeres;0;1;0;0;;;25/08/2024
2022;Zaragoza;Doctorado: PD Economía y gestión de las organizaciones [RD 576/2023];Doctorado;Graduado;Hombres;4;0;0;0;5.20;;25/08/2024
2022;Zaragoza;Doctorado: PD Economía y gestión de las organizaciones [RD 576/2023];Doctorado;Graduado;Mujeres;4;0;0;0;3.72;;25/08/2024
2022;Zaragoza;Doctorado: PD Economía y gestión de las organizaciones [RD 576/2023];Doctorado;Incumple Régimen de permanencia;Hombres;0;7;0;0;;;25/08/2024
2022;Zaragoza;Doctorado: PD Economía y gestión de las organizaciones [RD 576/2023];Doctorado;Incumple Régimen de permanencia;Mujeres;0;5;0;0;;;25/08/2024
2022;Zaragoza;Doctorado: PD Educación [RD 576/2023];Doctorado;Abandono Voluntario;Hombres;0;1;0;0;;;25/08/2024
2022;Zaragoza;Doctorado: PD Educación [RD 576/2023];Doctorado;Abandono Voluntario;Mujeres;0;3;0;0;;;25/08/2024
2022;Zaragoza;Doctorado: PD Educación [RD 576/2023];Doctorado;Graduado;Hombres;6;0;0;0;4.94;;25/08/2024
2022;Zaragoza;Doctorado: PD Educación [RD 576/2023];Doctorado;Graduado;Mujeres;8;0;0;0;4.54;;25/08/2024
2022;Zaragoza;Doctorado: PD Educación [RD 576/2023];Doctorado;Incumple Régimen de permanencia;Hombres;0;1;0;0;;;25/08/2024
2022;Zaragoza;Doctorado: PD Educación [RD 576/2023];Doctorado;Incumple Régimen de permanencia;Mujeres;0;3;0;0;;;25/08/2024
2022;Zaragoza;Doctorado: PD Energías renovables y eficiencia energética [RD 576/2023];Doctorado;Abandono Voluntario;Hombres;0;1;0;0;;;25/08/2024
2022;Zaragoza;Doctorado: PD Energías renovables y eficiencia energética [RD 576/2023];Doctorado;Graduado;Hombres;5;0;0;0;5.20;;25/08/2024
2022;Zaragoza;Doctorado: PD Energías renovables y eficiencia energética [RD 576/2023];Doctorado;Graduado;Mujeres;2;0;0;0;4.45;;25/08/2024
2022;Zaragoza;Doctorado: PD Energías renovables y eficiencia energética [RD 576/2023];Doctorado;Incumple Régimen de permanencia;Hombres;0;1;0;0;;;25/08/2024
2022;Zaragoza;Doctorado: PD Energías renovables y eficiencia energética [RD 576/2023];Doctorado;Incumple Régimen de permanencia;Mujeres;0;1;0;0;;;25/08/2024
2022;Zaragoza;Doctorado: PD Estudios ingleses [RD 576/2023];Doctorado;Abandono Voluntario;Hombres;0;1;0;0;;;25/08/2024
2022;Zaragoza;Doctorado: PD Estudios ingleses [RD 576/2023];Doctorado;Abandono Voluntario;Mujeres;0;1;0;0;;;25/08/2024
2022;Zaragoza;Doctorado: PD Estudios ingleses [RD 576/2023];Doctorado;Graduado;Hombres;3;0;0;0;4.73;;25/08/2024
2022;Zaragoza;Doctorado: PD Estudios ingleses [RD 576/2023];Doctorado;Graduado;Mujeres;4;0;0;0;4.79;;25/08/2024
2022;Zaragoza;Doctorado: PD Filosofía [RD 576/2023];Doctorado;Abandono Voluntario;Hombres;0;1;0;0;;;25/08/2024
2022;Zaragoza;Doctorado: PD Filosofía [RD 576/2023];Doctorado;Graduado;Hombres;3;0;0;0;5.01;;25/08/2024
2022;Zaragoza;Doctorado: PD Filosofía [RD 576/2023];Doctorado;Graduado;Mujeres;2;0;0;0;5.61;;25/08/2024
2022;Zaragoza;Doctorado: PD Física [RD 576/2023];Doctorado;Abandono Voluntario;Hombres;0;1;0;0;;;25/08/2024
2022;Zaragoza;Doctorado: PD Física [RD 576/2023];Doctorado;Graduado;Hombres;5;0;0;0;5.23;;25/08/2024
2022;Zaragoza;Doctorado: PD Física [RD 576/2023];Doctorado;Graduado;Mujeres;1;0;0;0;3.92;;25/08/2024
2022;Zaragoza;Doctorado: PD Geología [RD 576/2023];Doctorado;Graduado;Hombres;4;0;0;0;5.11;;25/08/2024
2022;Zaragoza;Doctorado: PD Geología [RD 576/2023];Doctorado;Graduado;Mujeres;4;0;0;0;5.52;;25/08/2024
2022;Zaragoza;Doctorado: PD Geología [RD 576/2023];Doctorado;Incumple Régimen de permanencia;Mujeres;0;1;0;0;;;25/08/2024
2022;Zaragoza;Doctorado: PD Historia contemporánea [RD 576/2023];Doctorado;Abandono Voluntario;Hombres;0;2;0;0;;;25/08/2024
2022;Zaragoza;Doctorado: PD Historia contemporánea [RD 576/2023];Doctorado;Abandono Voluntario;Mujeres;0;1;0;0;;;25/08/2024
2022;Zaragoza;Doctorado: PD Historia contemporánea [RD 576/2023];Doctorado;Graduado;Hombres;4;0;0;0;5.85;;25/08/2024
2022;Zaragoza;Doctorado: PD Historia contemporánea [RD 576/2023];Doctorado;Graduado;Mujeres;1;0;0;0;5.21;;25/08/2024
2022;Zaragoza;Doctorado: PD Historia del arte [RD 576/2023];Doctorado;Abandono Voluntario;Mujeres;0;3;0;0;;;25/08/2024
2022;Zaragoza;Doctorado: PD Historia del arte [RD 576/2023];Doctorado;Graduado;Hombres;4;0;0;0;5.09;;25/08/2024
2022;Zaragoza;Doctorado: PD Historia del arte [RD 576/2023];Doctorado;Graduado;Mujeres;7;0;0;0;4.97;;25/08/2024
2022;Zaragoza;Doctorado: PD Historia del arte [RD 576/2023];Doctorado;Incumple Régimen de permanencia;Mujeres;0;2;0;0;;;25/08/2024
2022;Zaragoza;Doctorado: PD Historia, sociedad y cultura: épocas medieval y moderna [RD 576/2023];Doctorado;Abandono Voluntario;Hombres;0;1;0;0;;;25/08/2024
2022;Zaragoza;Doctorado: PD Historia, sociedad y cultura: épocas medieval y moderna [RD 576/2023];Doctorado;Abandono Voluntario;Mujeres;0;1;0;0;;;25/08/2024
2022;Zaragoza;Doctorado: PD Historia, sociedad y cultura: épocas medieval y moderna [RD 576/2023];Doctorado;Graduado;Mujeres;2;0;0;0;4.66;;25/08/2024
2022;Zaragoza;Doctorado: PD Historia, sociedad y cultura: épocas medieval y moderna [RD 576/2023];Doctorado;Incumple Régimen de permanencia;Mujeres;0;1;0;0;;;25/08/2024
2022;Zaragoza;Doctorado: PD Información y Comunicación [RD 576/2023];Doctorado;Abandono Voluntario;Hombres;0;1;0;0;;;25/08/2024
2022;Zaragoza;Doctorado: PD Información y Comunicación [RD 576/2023];Doctorado;Abandono Voluntario;Mujeres;0;1;0;0;;;25/08/2024
2022;Zaragoza;Doctorado: PD Información y Comunicación [RD 576/2023];Doctorado;Graduado;Mujeres;1;0;0;0;5.22;;25/08/2024
2022;Zaragoza;Doctorado: PD Información y Comunicación [RD 576/2023];Doctorado;Incumple Régimen de permanencia;Hombres;0;2;0;0;;;25/08/2024
2022;Zaragoza;Doctorado: PD Información y Comunicación [RD 576/2023];Doctorado;Incumple Régimen de permanencia;Mujeres;0;1;0;0;;;25/08/2024
2022;Zaragoza;Doctorado: PD Ingeniería biomédica [RD 576/2023];Doctorado;Graduado;Hombres;1;0;0;0;4.16;;25/08/2024
2022;Zaragoza;Doctorado: PD Ingeniería biomédica [RD 576/2023];Doctorado;Graduado;Mujeres;8;0;0;0;4.20;;25/08/2024
2022;Zaragoza;Doctorado: PD Ingeniería biomédica [RD 576/2023];Doctorado;Incumple Régimen de permanencia;Hombres;0;2;0;0;;;25/08/2024
2022;Zaragoza;Doctorado: PD Ingeniería de diseño y fabricación [RD 576/2023];Doctorado;Abandono Voluntario;Hombres;0;3;0;0;;;25/08/2024
2022;Zaragoza;Doctorado: PD Ingeniería de diseño y fabricación [RD 576/2023];Doctorado;Abandono Voluntario;Mujeres;0;1;0;0;;;25/08/2024
2022;Zaragoza;Doctorado: PD Ingeniería de diseño y fabricación [RD 576/2023];Doctorado;Graduado;Hombres;3;0;0;0;4.17;;25/08/2024
2022;Zaragoza;Doctorado: PD Ingeniería de diseño y fabricación [RD 576/2023];Doctorado;Graduado;Mujeres;3;0;0;0;3.78;;25/08/2024
2022;Zaragoza;Doctorado: PD Ingeniería de diseño y fabricación [RD 576/2023];Doctorado;Incumple Régimen de permanencia;Hombres;0;2;0;0;;;25/08/2024
2022;Zaragoza;Doctorado: PD Ingeniería de sistemas e informática [RD 576/2023];Doctorado;Abandono Voluntario;Hombres;0;3;0;0;;;25/08/2024
2022;Zaragoza;Doctorado: PD Ingeniería de sistemas e informática [RD 576/2023];Doctorado;Abandono Voluntario;Mujeres;0;1;0;0;;;25/08/2024
2022;Zaragoza;Doctorado: PD Ingeniería de sistemas e informática [RD 576/2023];Doctorado;Graduado;Hombres;5;0;0;0;4.26;;25/08/2024
2022;Zaragoza;Doctorado: PD Ingeniería de sistemas e informática [RD 576/2023];Doctorado;Graduado;Mujeres;2;0;0;0;3.80;;25/08/2024
2022;Zaragoza;Doctorado: PD Ingeniería de sistemas e informática [RD 576/2023];Doctorado;Incumple Régimen de permanencia;Hombres;0;1;0;0;;;25/08/2024
2022;Zaragoza;Doctorado: PD Ingeniería de sistemas e informática [RD 576/2023];Doctorado;Incumple Régimen de permanencia;Mujeres;0;1;0;0;;;25/08/2024
2022;Zaragoza;Doctorado: PD Ingeniería electrónica [RD 576/2023];Doctorado;Abandono Voluntario;Hombres;0;2;0;0;;;25/08/2024
2022;Zaragoza;Doctorado: PD Ingeniería electrónica [RD 576/2023];Doctorado;Graduado;Hombres;3;0;0;0;5.64;;25/08/2024
2022;Zaragoza;Doctorado: PD Ingeniería electrónica [RD 576/2023];Doctorado;Incumple Régimen de permanencia;Hombres;0;2;0;0;;;25/08/2024
2022;Zaragoza;Doctorado: PD Ingeniería mecánica [RD 576/2023];Doctorado;Graduado;Hombres;6;0;0;0;5.25;;25/08/2024
2022;Zaragoza;Doctorado: PD Ingeniería mecánica [RD 576/2023];Doctorado;Graduado;Mujeres;2;0;0;0;4.96;;25/08/2024
2022;Zaragoza;Doctorado: PD Ingeniería mecánica [RD 576/2023];Doctorado;Incumple Régimen de permanencia;Hombres;0;1;0;0;;;25/08/2024
2022;Zaragoza;Doctorado: PD Ingeniería mecánica [RD 576/2023];Doctorado;Incumple Régimen de permanencia;Mujeres;0;1;0;0;;;25/08/2024
2022;Zaragoza;Doctorado: PD Ingeniería química y del medio ambiente [RD 576/2023];Doctorado;Abandono Voluntario;Hombres;0;1;0;0;;;25/08/2024
2022;Zaragoza;Doctorado: PD Ingeniería química y del medio ambiente [RD 576/2023];Doctorado;Abandono Voluntario;Mujeres;0;1;0;0;;;25/08/2024
2022;Zaragoza;Doctorado: PD Ingeniería química y del medio ambiente [RD 576/2023];Doctorado;Graduado;Hombres;8;0;0;0;4.73;;25/08/2024
2022;Zaragoza;Doctorado: PD Ingeniería química y del medio ambiente [RD 576/2023];Doctorado;Graduado;Mujeres;5;0;0;0;5.00;;25/08/2024
2022;Zaragoza;Doctorado: PD Lingüística hispánica [RD 576/2023];Doctorado;Abandono Voluntario;Mujeres;0;1;0;0;;;25/08/2024
2022;Zaragoza;Doctorado: PD Lingüística hispánica [RD 576/2023];Doctorado;Graduado;Hombres;1;0;0;0;5.20;;25/08/2024
2022;Zaragoza;Doctorado: PD Lingüística hispánica [RD 576/2023];Doctorado;Graduado;Mujeres;3;0;0;0;5.34;;25/08/2024
2022;Zaragoza;Doctorado: PD Lingüística hispánica [RD 576/2023];Doctorado;Incumple Régimen de permanencia;Hombres;0;2;0;0;;;25/08/2024
2022;Zaragoza;Doctorado: PD Literaturas hispánicas [RD 576/2023];Doctorado;Graduado;Mujeres;4;0;0;0;5.28;;25/08/2024
2022;Zaragoza;Doctorado: PD Literaturas hispánicas [RD 576/2023];Doctorado;Incumple Régimen de permanencia;Mujeres;0;1;0;0;;;25/08/2024
2022;Zaragoza;Doctorado: PD Logística y gestión de la cadena de suministro [RD 576/2023];Doctorado;Graduado;Mujeres;1;0;0;0;3.46;;25/08/2024
2022;Zaragoza;Doctorado: PD Matemáticas y estadística [RD 576/2023];Doctorado;Graduado;Hombres;3;0;0;0;4.82;;25/08/2024
2022;Zaragoza;Doctorado: PD Matemáticas y estadística [RD 576/2023];Doctorado;Incumple Régimen de permanencia;Hombres;0;1;0;0;;;25/08/2024
2022;Zaragoza;Doctorado: PD Mecánica de fluidos [RD 576/2023];Doctorado;Abandono Voluntario;Mujeres;0;1;0;0;;;25/08/2024
2022;Zaragoza;Doctorado: PD Mecánica de fluidos [RD 576/2023];Doctorado;Incumple Régimen de permanencia;Hombres;0;1;0;0;;;25/08/2024
2022;Zaragoza;Doctorado: PD Medicina [RD 576/2023];Doctorado;Abandono Voluntario;Hombres;0;8;0;0;;;25/08/2024
2022;Zaragoza;Doctorado: PD Medicina [RD 576/2023];Doctorado;Abandono Voluntario;Mujeres;0;16;0;0;;;25/08/2024
2022;Zaragoza;Doctorado: PD Medicina [RD 576/2023];Doctorado;Graduado;Hombres;7;0;0;0;5.01;;25/08/2024
2022;Zaragoza;Doctorado: PD Medicina [RD 576/2023];Doctorado;Graduado;Mujeres;10;0;0;0;4.99;;25/08/2024
2022;Zaragoza;Doctorado: PD Medicina [RD 576/2023];Doctorado;Incumple Régimen de permanencia;Hombres;0;12;0;0;;;25/08/2024
2022;Zaragoza;Doctorado: PD Medicina [RD 576/2023];Doctorado;Incumple Régimen de permanencia;Mujeres;0;17;0;0;;;25/08/2024
2022;Zaragoza;Doctorado: PD Medicina y sanidad animal [RD 576/2023];Doctorado;Abandono Voluntario;Mujeres;0;1;0;0;;;25/08/2024
2022;Zaragoza;Doctorado: PD Medicina y sanidad animal [RD 576/2023];Doctorado;Graduado;Hombres;2;0;0;0;5.71;;25/08/2024
2022;Zaragoza;Doctorado: PD Medicina y sanidad animal [RD 576/2023];Doctorado;Graduado;Mujeres;2;0;0;0;4.75;;25/08/2024
2022;Zaragoza;Doctorado: PD Medicina y sanidad animal [RD 576/2023];Doctorado;Incumple Régimen de permanencia;Mujeres;0;2;0;0;;;25/08/2024
2022;Zaragoza;Doctorado: PD Nuevos territorios en la arquitectura [RD 576/2023];Doctorado;Abandono Voluntario;Mujeres;0;1;0;0;;;25/08/2024
2022;Zaragoza;Doctorado: PD Nuevos territorios en la arquitectura [RD 576/2023];Doctorado;Graduado;Hombres;2;0;0;0;5.46;;25/08/2024
2022;Zaragoza;Doctorado: PD Nuevos territorios en la arquitectura [RD 576/2023];Doctorado;Graduado;Mujeres;1;0;0;0;5.21;;25/08/2024
2022;Zaragoza;Doctorado: PD Nuevos territorios en la arquitectura [RD 576/2023];Doctorado;Incumple Régimen de permanencia;Hombres;0;1;0;0;;;25/08/2024
2022;Zaragoza;Doctorado: PD Nuevos territorios en la arquitectura [RD 576/2023];Doctorado;Incumple Régimen de permanencia;Mujeres;0;1;0;0;;;25/08/2024
2022;Zaragoza;Doctorado: PD Ordenación del territorio y medio ambiente [RD 576/2023];Doctorado;Abandono Voluntario;Mujeres;0;2;0;0;;;25/08/2024
2022;Zaragoza;Doctorado: PD Ordenación del territorio y medio ambiente [RD 576/2023];Doctorado;Graduado;Hombres;2;0;0;0;5.02;;25/08/2024
2022;Zaragoza;Doctorado: PD Ordenación del territorio y medio ambiente [RD 576/2023];Doctorado;Graduado;Mujeres;1;0;0;0;5.09;;25/08/2024
2022;Zaragoza;Doctorado: PD Ordenación del territorio y medio ambiente [RD 576/2023];Doctorado;Incumple Régimen de permanencia;Hombres;0;1;0;0;;;25/08/2024
2022;Zaragoza;Doctorado: PD Patrimonio, Sociedades y Espacios de Frontera [RD 576/2023];Doctorado;Abandono Voluntario;Hombres;0;1;0;0;;;25/08/2024
2022;Zaragoza;Doctorado: PD Patrimonio, Sociedades y Espacios de Frontera [RD 576/2023];Doctorado;Graduado;Hombres;3;0;0;0;4.36;;25/08/2024
2022;Zaragoza;Doctorado: PD Patrimonio, Sociedades y Espacios de Frontera [RD 576/2023];Doctorado;Graduado;Mujeres;1;0;0;0;2.58;;25/08/2024
2022;Zaragoza;Doctorado: PD Patrimonio, Sociedades y Espacios de Frontera [RD 576/2023];Doctorado;Incumple Régimen de permanencia;Mujeres;0;1;0;0;;;25/08/2024
2022;Zaragoza;Doctorado: PD Producción animal [RD 576/2023];Doctorado;Graduado;Mujeres;2;0;0;0;5.03;;25/08/2024
2022;Zaragoza;Doctorado: PD Producción animal [RD 576/2023];Doctorado;Incumple Régimen de permanencia;Hombres;0;1;0;0;;;25/08/2024
2022;Zaragoza;Doctorado: PD Psicología [RD 576/2023];Doctorado;Abandono Voluntario;Hombres;0;1;0;0;;;25/08/2024
2022;Zaragoza;Doctorado: PD Psicología [RD 576/2023];Doctorado;Graduado;Mujeres;3;0;0;0;3.02;;25/08/2024
2022;Zaragoza;Doctorado: PD Psicología [RD 576/2023];Doctorado;Incumple Régimen de permanencia;Hombres;0;1;0;0;;;25/08/2024
2022;Zaragoza;Doctorado: PD Química física [RD 576/2023];Doctorado;Graduado;Hombres;2;0;0;0;4.69;;25/08/2024
2022;Zaragoza;Doctorado: PD Química inorgánica [RD 576/2023];Doctorado;Graduado;Hombres;4;0;0;0;4.83;;25/08/2024
2022;Zaragoza;Doctorado: PD Química inorgánica [RD 576/2023];Doctorado;Graduado;Mujeres;2;0;0;0;4.22;;25/08/2024
2022;Zaragoza;Doctorado: PD Química inorgánica [RD 576/2023];Doctorado;Incumple Régimen de permanencia;Mujeres;0;1;0;0;;;25/08/2024
2022;Zaragoza;Doctorado: PD Química orgánica [RD 576/2023];Doctorado;Graduado;Hombres;1;0;0;0;4.71;;25/08/2024
2022;Zaragoza;Doctorado: PD Química orgánica [RD 576/2023];Doctorado;Graduado;Mujeres;1;0;0;0;5.14;;25/08/2024
2022;Zaragoza;Doctorado: PD Relaciones de género y estudios feministas [RD 576/2023];Doctorado;Graduado;Mujeres;2;0;0;0;5.54;;25/08/2024
2022;Zaragoza;Doctorado: PD Sociología de las políticas públicas y sociales [RD 576/2023];Doctorado;Abandono Voluntario;Hombres;0;2;0;0;;;25/08/2024
2022;Zaragoza;Doctorado: PD Sociología de las políticas públicas y sociales [RD 576/2023];Doctorado;Graduado;Hombres;2;0;0;0;4.82;;25/08/2024
2022;Zaragoza;Doctorado: PD Sociología de las políticas públicas y sociales [RD 576/2023];Doctorado;Graduado;Mujeres;4;0;0;0;5.40;;25/08/2024
2022;Zaragoza;Doctorado: PD Sociología de las políticas públicas y sociales [RD 576/2023];Doctorado;Incumple Régimen de permanencia;Mujeres;0;2;0;0;;;25/08/2024
2022;Zaragoza;Doctorado: PD Tecnologías de la información y comunicaciones en redes moviles [RD 576/2023];Doctorado;Graduado;Hombres;3;0;0;0;4.72;;25/08/2024
2022;Zaragoza;Doctorado: PD Tecnologías de la información y comunicaciones en redes moviles [RD 576/2023];Doctorado;Graduado;Mujeres;1;0;0;0;5.10;;25/08/2024
2022;Zaragoza;Estadística;Diplomatura o equivalente;Traslado a otra Universidad;Hombres;0;0;0;1;;;25/08/2024
2022;Zaragoza;Filología Clásica;Licenciatura o equivalente;Traslado a otra Universidad;Mujeres;0;0;0;1;;;25/08/2024
2022;Zaragoza;Filología Hispánica;Licenciatura o equivalente;Traslado a otra Universidad;Mujeres;0;0;0;1;;;25/08/2024
2022;Zaragoza;Filología Románica (Francés);Licenciatura o equivalente;Traslado a otra Universidad;Mujeres;0;0;0;1;;;25/08/2024
2022;Zaragoza;Geografía e Historia;Licenciatura o equivalente;Traslado a otra Universidad;Hombres;0;0;0;1;;;25/08/2024
2022;Zaragoza;Geografía e Historia;Licenciatura o equivalente;Traslado a otra Universidad;Mujeres;0;0;0;1;;;25/08/2024
2022;Zaragoza;Grado: Administración y Dirección de Empresas;Grado;Abandono Voluntario;Hombres;0;68;33;0;;;25/08/2024
2022;Zaragoza;Grado: Administración y Dirección de Empresas;Grado;Abandono Voluntario;Mujeres;0;38;16;0;;;25/08/2024
2022;Zaragoza;Grado: Administración y Dirección de Empresas;Grado;Cambio de estudios sin simultaneidad;Hombres;0;17;10;0;;;25/08/2024
2022;Zaragoza;Grado: Administración y Dirección de Empresas;Grado;Cambio de estudios sin simultaneidad;Mujeres;0;16;13;0;;;25/08/2024
2022;Zaragoza;Grado: Administración y Dirección de Empresas;Grado;Graduado;Hombres;151;0;0;0;5.49;85.35;25/08/2024
2022;Zaragoza;Grado: Administración y Dirección de Empresas;Grado;Graduado;Mujeres;171;0;0;0;5.10;90.07;25/08/2024
2022;Zaragoza;Grado: Administración y Dirección de Empresas;Grado;Traslado a otra Universidad;Hombres;0;0;0;17;;;25/08/2024
2022;Zaragoza;Grado: Administración y Dirección de Empresas;Grado;Traslado a otra Universidad;Mujeres;0;0;0;8;;;25/08/2024
2022;Zaragoza;Grado: Biotecnología;Grado;Abandono Voluntario;Hombres;0;1;1;0;;;25/08/2024
2022;Zaragoza;Grado: Biotecnología;Grado;Abandono Voluntario;Mujeres;0;2;1;0;;;25/08/2024
2022;Zaragoza;Grado: Biotecnología;Grado;Cambio de estudios sin simultaneidad;Hombres;0;2;1;0;;;25/08/2024
2022;Zaragoza;Grado: Biotecnología;Grado;Cambio de estudios sin simultaneidad;Mujeres;0;7;6;0;;;25/08/2024
2022;Zaragoza;Grado: Biotecnología;Grado;Graduado;Hombres;24;0;0;0;4.26;96.61;25/08/2024
2022;Zaragoza;Grado: Biotecnología;Grado;Graduado;Mujeres;26;0;0;0;4.26;94.95;25/08/2024
2022;Zaragoza;Grado: Biotecnología;Grado;Traslado a otra Universidad;Mujeres;0;0;0;1;;;25/08/2024
2022;Zaragoza;Grado: Ciencia y Tecnología de los Alimentos;Grado;Abandono Voluntario;Hombres;0;6;0;0;;;25/08/2024
2022;Zaragoza;Grado: Ciencia y Tecnología de los Alimentos;Grado;Abandono Voluntario;Mujeres;0;6;2;0;;;25/08/2024
2022;Zaragoza;Grado: Ciencia y Tecnología de los Alimentos;Grado;Cambio de estudios sin simultaneidad;Hombres;0;4;4;0;;;25/08/2024
2022;Zaragoza;Grado: Ciencia y Tecnología de los Alimentos;Grado;Cambio de estudios sin simultaneidad;Mujeres;0;3;3;0;;;25/08/2024
2022;Zaragoza;Grado: Ciencia y Tecnología de los Alimentos;Grado;Graduado;Hombres;13;0;0;0;4.75;91.12;25/08/2024
2022;Zaragoza;Grado: Ciencia y Tecnología de los Alimentos;Grado;Graduado;Mujeres;29;0;0;0;4.54;91.35;25/08/2024
2022;Zaragoza;Grado: Derecho;Grado;Abandono Voluntario;Hombres;0;23;12;0;;;25/08/2024
2022;Zaragoza;Grado: Derecho;Grado;Abandono Voluntario;Mujeres;0;22;10;0;;;25/08/2024
2022;Zaragoza;Grado: Derecho;Grado;Cambio de estudios sin simultaneidad;Hombres;0;4;3;0;;;25/08/2024
2022;Zaragoza;Grado: Derecho;Grado;Cambio de estudios sin simultaneidad;Mujeres;0;6;5;0;;;25/08/2024
2022;Zaragoza;Grado: Derecho;Grado;Graduado;Hombres;115;0;0;0;5.30;89.89;25/08/2024
2022;Zaragoza;Grado: Derecho;Grado;Graduado;Mujeres;197;0;0;0;5.10;90.89;25/08/2024
2022;Zaragoza;Grado: Derecho;Grado;Traslado a otra Universidad;Hombres;0;0;0;4;;;25/08/2024
2022;Zaragoza;Grado: Derecho;Grado;Traslado a otra Universidad;Mujeres;0;0;0;11;;;25/08/2024
2022;Zaragoza;Grado: Economía;Grado;Abandono Voluntario;Hombres;0;52;17;0;;;25/08/2024
2022;Zaragoza;Grado: Economía;Grado;Abandono Voluntario;Mujeres;0;19;7;0;;;25/08/2024
2022;Zaragoza;Grado: Economía;Grado;Cambio de estudios sin simultaneidad;Hombres;0;5;2;0;;;25/08/2024
2022;Zaragoza;Grado: Economía;Grado;Cambio de estudios sin simultaneidad;Mujeres;0;7;5;0;;;25/08/2024
2022;Zaragoza;Grado: Economía;Grado;Graduado;Hombres;39;0;0;0;5.36;79.70;25/08/2024
2022;Zaragoza;Grado: Economía;Grado;Graduado;Mujeres;49;0;0;0;5.26;83.53;25/08/2024
2022;Zaragoza;Grado: Economía;Grado;Traslado a otra Universidad;Hombres;0;0;0;10;;;25/08/2024
2022;Zaragoza;Grado: Economía;Grado;Traslado a otra Universidad;Mujeres;0;0;0;4;;;25/08/2024
2022;Zaragoza;Grado: Enfermería;Grado;Abandono Voluntario;Hombres;0;1;0;0;;;25/08/2024
2022;Zaragoza;Grado: Enfermería;Grado;Abandono Voluntario;Mujeres;0;9;5;0;;;25/08/2024
2022;Zaragoza;Grado: Enfermería;Grado;Cambio de estudios sin simultaneidad;Hombres;0;5;4;0;;;25/08/2024
2022;Zaragoza;Grado: Enfermería;Grado;Cambio de estudios sin simultaneidad;Mujeres;0;5;5;0;;;25/08/2024
2022;Zaragoza;Grado: Enfermería;Grado;Graduado;Hombres;24;0;0;0;4.04;97.96;25/08/2024
2022;Zaragoza;Grado: Enfermería;Grado;Graduado;Mujeres;118;0;0;0;4.02;98.36;25/08/2024
2022;Zaragoza;Grado: Enfermería;Grado;Traslado a otra Universidad;Hombres;0;0;0;2;;;25/08/2024
2022;Zaragoza;Grado: Enfermería;Grado;Traslado a otra Universidad;Mujeres;0;0;0;7;;;25/08/2024
2022;Zaragoza;Grado: Estudios Clásicos;Grado;Abandono Voluntario;Hombres;0;3;2;0;;;25/08/2024
2022;Zaragoza;Grado: Estudios Clásicos;Grado;Abandono Voluntario;Mujeres;0;3;1;0;;;25/08/2024
2022;Zaragoza;Grado: Estudios Clásicos;Grado;Cambio de estudios sin simultaneidad;Hombres;0;1;0;0;;;25/08/2024
2022;Zaragoza;Grado: Estudios Clásicos;Grado;Cambio de estudios sin simultaneidad;Mujeres;0;1;1;0;;;25/08/2024
2022;Zaragoza;Grado: Estudios Clásicos;Grado;Graduado;Hombres;2;0;0;0;4.50;100.00;25/08/2024
2022;Zaragoza;Grado: Estudios Clásicos;Grado;Graduado;Mujeres;3;0;0;0;6.00;76.33;25/08/2024
2022;Zaragoza;Grado: Estudios Clásicos;Grado;Traslado a otra Universidad;Mujeres;0;0;0;1;;;25/08/2024
2022;Zaragoza;Grado: Estudios en Arquitectura;Grado;Abandono Voluntario;Hombres;0;11;6;0;;;25/08/2024
2022;Zaragoza;Grado: Estudios en Arquitectura;Grado;Abandono Voluntario;Mujeres;0;9;5;0;;;25/08/2024
2022;Zaragoza;Grado: Estudios en Arquitectura;Grado;Cambio de estudios sin simultaneidad;Hombres;0;2;1;0;;;25/08/2024
2022;Zaragoza;Grado: Estudios en Arquitectura;Grado;Cambio de estudios sin simultaneidad;Mujeres;0;1;0;0;;;25/08/2024
2022;Zaragoza;Grado: Estudios en Arquitectura;Grado;Graduado;Hombres;14;0;0;0;6.58;78.59;25/08/2024
2022;Zaragoza;Grado: Estudios en Arquitectura;Grado;Graduado;Mujeres;16;0;0;0;6.12;83.06;25/08/2024
2022;Zaragoza;Grado: Estudios en Arquitectura;Grado;Traslado a otra Universidad;Hombres;0;0;0;1;;;25/08/2024
2022;Zaragoza;Grado: Estudios en Arquitectura;Grado;Traslado a otra Universidad;Mujeres;0;0;0;2;;;25/08/2024
2022;Zaragoza;Grado: Estudios Ingleses;Grado;Abandono Voluntario;Hombres;0;5;2;0;;;25/08/2024
2022;Zaragoza;Grado: Estudios Ingleses;Grado;Abandono Voluntario;Mujeres;0;14;6;0;;;25/08/2024
2022;Zaragoza;Grado: Estudios Ingleses;Grado;Cambio de estudios sin simultaneidad;Hombres;0;2;1;0;;;25/08/2024
2022;Zaragoza;Grado: Estudios Ingleses;Grado;Cambio de estudios sin simultaneidad;Mujeres;0;7;6;0;;;25/08/2024
2022;Zaragoza;Grado: Estudios Ingleses;Grado;Graduado;Hombres;11;0;0;0;4.60;91.30;25/08/2024
2022;Zaragoza;Grado: Estudios Ingleses;Grado;Graduado;Mujeres;53;0;0;0;4.76;89.00;25/08/2024
2022;Zaragoza;Grado: Estudios Ingleses;Grado;Traslado a otra Universidad;Hombres;0;0;0;1;;;25/08/2024
2022;Zaragoza;Grado: Estudios Ingleses;Grado;Traslado a otra Universidad;Mujeres;0;0;0;3;;;25/08/2024
2022;Zaragoza;Grado: Filología Hispánica;Grado;Abandono Voluntario;Hombres;0;4;1;0;;;25/08/2024
2022;Zaragoza;Grado: Filología Hispánica;Grado;Abandono Voluntario;Mujeres;0;12;4;0;;;25/08/2024
2022;Zaragoza;Grado: Filología Hispánica;Grado;Cambio de estudios sin simultaneidad;Mujeres;0;1;1;0;;;25/08/2024
2022;Zaragoza;Grado: Filología Hispánica;Grado;Graduado;Hombres;14;0;0;0;4.40;92.23;25/08/2024
2022;Zaragoza;Grado: Filología Hispánica;Grado;Graduado;Mujeres;32;0;0;0;4.59;92.52;25/08/2024
2022;Zaragoza;Grado: Filología Hispánica;Grado;Traslado a otra Universidad;Mujeres;0;0;0;4;;;25/08/2024
2022;Zaragoza;Grado: Filosofía;Grado;Abandono Voluntario;Hombres;0;8;2;0;;;25/08/2024
2022;Zaragoza;Grado: Filosofía;Grado;Abandono Voluntario;Mujeres;0;6;2;0;;;25/08/2024
2022;Zaragoza;Grado: Filosofía;Grado;Cambio de estudios sin simultaneidad;Hombres;0;2;1;0;;;25/08/2024
2022;Zaragoza;Grado: Filosofía;Grado;Cambio de estudios sin simultaneidad;Mujeres;0;2;0;0;;;25/08/2024
2022;Zaragoza;Grado: Filosofía;Grado;Graduado;Hombres;15;0;0;0;4.62;90.49;25/08/2024
2022;Zaragoza;Grado: Filosofía;Grado;Graduado;Mujeres;12;0;0;0;4.36;92.28;25/08/2024
2022;Zaragoza;Grado: Filosofía;Grado;Traslado a otra Universidad;Hombres;0;0;0;2;;;25/08/2024
2022;Zaragoza;Grado: Filosofía;Grado;Traslado a otra Universidad;Mujeres;0;0;0;2;;;25/08/2024
2022;Zaragoza;Grado: Finanzas y Contabilidad;Grado;Abandono Voluntario;Hombres;0;36;18;0;;;25/08/2024
2022;Zaragoza;Grado: Finanzas y Contabilidad;Grado;Abandono Voluntario;Mujeres;0;30;14;0;;;25/08/2024
2022;Zaragoza;Grado: Finanzas y Contabilidad;Grado;Cambio de estudios sin simultaneidad;Hombres;0;11;5;0;;;25/08/2024
2022;Zaragoza;Grado: Finanzas y Contabilidad;Grado;Cambio de estudios sin simultaneidad;Mujeres;0;6;4;0;;;25/08/2024
2022;Zaragoza;Grado: Finanzas y Contabilidad;Grado;Graduado;Hombres;21;0;0;0;4.88;82.13;25/08/2024
2022;Zaragoza;Grado: Finanzas y Contabilidad;Grado;Graduado;Mujeres;26;0;0;0;5.42;85.15;25/08/2024
2022;Zaragoza;Grado: Finanzas y Contabilidad;Grado;Traslado a otra Universidad;Hombres;0;0;0;5;;;25/08/2024
2022;Zaragoza;Grado: Finanzas y Contabilidad;Grado;Traslado a otra Universidad;Mujeres;0;0;0;2;;;25/08/2024
2022;Zaragoza;Grado: Física;Grado;Abandono Voluntario;Hombres;0;5;3;0;;;25/08/2024
2022;Zaragoza;Grado: Física;Grado;Abandono Voluntario;Mujeres;0;3;1;0;;;25/08/2024
2022;Zaragoza;Grado: Física;Grado;Cambio de estudios sin simultaneidad;Hombres;0;10;8;0;;;25/08/2024
2022;Zaragoza;Grado: Física;Grado;Cambio de estudios sin simultaneidad;Mujeres;0;8;6;0;;;25/08/2024
2022;Zaragoza;Grado: Física;Grado;Graduado;Hombres;53;0;0;0;4.45;92.22;25/08/2024
2022;Zaragoza;Grado: Física;Grado;Graduado;Mujeres;18;0;0;0;4.82;92.67;25/08/2024
2022;Zaragoza;Grado: Física;Grado;Traslado a otra Universidad;Hombres;0;0;0;6;;;25/08/2024
2022;Zaragoza;Grado: Física;Grado;Traslado a otra Universidad;Mujeres;0;0;0;1;;;25/08/2024
2022;Zaragoza;Grado: Fisioterapia;Grado;Abandono Voluntario;Hombres;0;2;0;0;;;25/08/2024
2022;Zaragoza;Grado: Fisioterapia;Grado;Cambio de estudios sin simultaneidad;Hombres;0;1;1;0;;;25/08/2024
2022;Zaragoza;Grado: Fisioterapia;Grado;Cambio de estudios sin simultaneidad;Mujeres;0;2;2;0;;;25/08/2024
2022;Zaragoza;Grado: Fisioterapia;Grado;Graduado;Hombres;19;0;0;0;4.12;97.84;25/08/2024
2022;Zaragoza;Grado: Fisioterapia;Grado;Graduado;Mujeres;37;0;0;0;4.00;99.33;25/08/2024
2022;Zaragoza;Grado: Fisioterapia;Grado;Traslado a otra Universidad;Mujeres;0;0;0;3;;;25/08/2024
2022;Zaragoza;Grado: Geografía y Ordenación del Territorio;Grado;Abandono Voluntario;Hombres;0;4;2;0;;;25/08/2024
2022;Zaragoza;Grado: Geografía y Ordenación del Territorio;Grado;Cambio de estudios sin simultaneidad;Hombres;0;1;1;0;;;25/08/2024
2022;Zaragoza;Grado: Geografía y Ordenación del Territorio;Grado;Cambio de estudios sin simultaneidad;Mujeres;0;1;1;0;;;25/08/2024
2022;Zaragoza;Grado: Geografía y Ordenación del Territorio;Grado;Graduado;Hombres;16;0;0;0;4.87;91.48;25/08/2024
2022;Zaragoza;Grado: Geografía y Ordenación del Territorio;Grado;Graduado;Mujeres;6;0;0;0;4.50;97.13;25/08/2024
2022;Zaragoza;Grado: Geografía y Ordenación del Territorio;Grado;Traslado a otra Universidad;Hombres;0;0;0;2;;;25/08/2024
2022;Zaragoza;Grado: Geología;Grado;Abandono Voluntario;Hombres;0;7;5;0;;;25/08/2024
2022;Zaragoza;Grado: Geología;Grado;Abandono Voluntario;Mujeres;0;8;4;0;;;25/08/2024
2022;Zaragoza;Grado: Geología;Grado;Cambio de estudios sin simultaneidad;Mujeres;0;3;3;0;;;25/08/2024
2022;Zaragoza;Grado: Geología;Grado;Graduado;Hombres;6;0;0;0;6.40;76.82;25/08/2024
2022;Zaragoza;Grado: Geología;Grado;Graduado;Mujeres;10;0;0;0;4.80;86.28;25/08/2024
2022;Zaragoza;Grado: Geología;Grado;Traslado a otra Universidad;Hombres;0;0;0;3;;;25/08/2024
2022;Zaragoza;Grado: Historia;Grado;Abandono Voluntario;Hombres;0;40;16;0;;;25/08/2024
2022;Zaragoza;Grado: Historia;Grado;Abandono Voluntario;Mujeres;0;15;7;0;;;25/08/2024
2022;Zaragoza;Grado: Historia;Grado;Cambio de estudios sin simultaneidad;Hombres;0;5;4;0;;;25/08/2024
2022;Zaragoza;Grado: Historia;Grado;Graduado;Hombres;55;0;0;0;4.94;92.13;25/08/2024
2022;Zaragoza;Grado: Historia;Grado;Graduado;Mujeres;20;0;0;0;5.21;91.68;25/08/2024
2022;Zaragoza;Grado: Historia;Grado;Traslado a otra Universidad;Hombres;0;0;0;5;;;25/08/2024
2022;Zaragoza;Grado: Historia;Grado;Traslado a otra Universidad;Mujeres;0;0;0;2;;;25/08/2024
2022;Zaragoza;Grado: Historia del Arte;Grado;Abandono Voluntario;Hombres;0;4;1;0;;;25/08/2024
2022;Zaragoza;Grado: Historia del Arte;Grado;Abandono Voluntario;Mujeres;0;35;17;0;;;25/08/2024
2022;Zaragoza;Grado: Historia del Arte;Grado;Cambio de estudios sin simultaneidad;Hombres;0;6;5;0;;;25/08/2024
2022;Zaragoza;Grado: Historia del Arte;Grado;Cambio de estudios sin simultaneidad;Mujeres;0;3;3;0;;;25/08/2024
2022;Zaragoza;Grado: Historia del Arte;Grado;Graduado;Hombres;10;0;0;0;5.25;87.16;25/08/2024
2022;Zaragoza;Grado: Historia del Arte;Grado;Graduado;Mujeres;32;0;0;0;5.08;86.73;25/08/2024
2022;Zaragoza;Grado: Historia del Arte;Grado;Traslado a otra Universidad;Hombres;0;0;0;2;;;25/08/2024
2022;Zaragoza;Grado: Historia del Arte;Grado;Traslado a otra Universidad;Mujeres;0;0;0;5;;;25/08/2024
2022;Zaragoza;Grado: Información y Documentación;Grado;Abandono Voluntario;Hombres;0;2;2;0;;;25/08/2024
2022;Zaragoza;Grado: Información y Documentación;Grado;Cambio de estudios sin simultaneidad;Mujeres;0;1;1;0;;;25/08/2024
2022;Zaragoza;Grado: Información y Documentación;Grado;Graduado;Hombres;2;0;0;0;4.50;100.00;25/08/2024
2022;Zaragoza;Grado: Información y Documentación;Grado;Graduado;Mujeres;3;0;0;0;4.67;88.39;25/08/2024
2022;Zaragoza;Grado: Información y Documentación;Grado;Traslado a otra Universidad;Mujeres;0;0;0;1;;;25/08/2024
2022;Zaragoza;Grado: Ingeniería de Organización Industrial;Grado;Abandono Voluntario;Hombres;0;60;7;0;;;25/08/2024
2022;Zaragoza;Grado: Ingeniería de Organización Industrial;Grado;Abandono Voluntario;Mujeres;0;22;2;0;;;25/08/2024
2022;Zaragoza;Grado: Ingeniería de Organización Industrial;Grado;Graduado;Hombres;155;0;0;0;5.30;91.34;25/08/2024
2022;Zaragoza;Grado: Ingeniería de Organización Industrial;Grado;Graduado;Mujeres;14;0;0;0;5.54;88.83;25/08/2024
2022;Zaragoza;Grado: Ingeniería de Organización Industrial;Grado;Traslado a otra Universidad;Hombres;0;0;0;53;;;25/08/2024
2022;Zaragoza;Grado: Ingeniería de Organización Industrial;Grado;Traslado a otra Universidad;Mujeres;0;0;0;18;;;25/08/2024
2022;Zaragoza;Grado: Ingeniería de Tecnologías de Telecomunicación;Grado;Abandono Voluntario;Hombres;0;30;20;0;;;25/08/2024
2022;Zaragoza;Grado: Ingeniería de Tecnologías de Telecomunicación;Grado;Abandono Voluntario;Mujeres;0;6;5;0;;;25/08/2024
2022;Zaragoza;Grado: Ingeniería de Tecnologías de Telecomunicación;Grado;Cambio de estudios sin simultaneidad;Hombres;0;11;8;0;;;25/08/2024
2022;Zaragoza;Grado: Ingeniería de Tecnologías de Telecomunicación;Grado;Cambio de estudios sin simultaneidad;Mujeres;0;5;4;0;;;25/08/2024
2022;Zaragoza;Grado: Ingeniería de Tecnologías de Telecomunicación;Grado;Graduado;Hombres;24;0;0;0;4.74;87.41;25/08/2024
2022;Zaragoza;Grado: Ingeniería de Tecnologías de Telecomunicación;Grado;Graduado;Mujeres;14;0;0;0;5.38;82.88;25/08/2024
2022;Zaragoza;Grado: Ingeniería de Tecnologías de Telecomunicación;Grado;Traslado a otra Universidad;Hombres;0;0;0;3;;;25/08/2024
2022;Zaragoza;Grado: Ingeniería de Tecnologías de Telecomunicación;Grado;Traslado a otra Universidad;Mujeres;0;0;0;1;;;25/08/2024
2022;Zaragoza;Grado: Ingeniería de Tecnologías Industriales;Grado;Abandono Voluntario;Hombres;0;22;14;0;;;25/08/2024
2022;Zaragoza;Grado: Ingeniería de Tecnologías Industriales;Grado;Abandono Voluntario;Mujeres;0;4;1;0;;;25/08/2024
2022;Zaragoza;Grado: Ingeniería de Tecnologías Industriales;Grado;Cambio de estudios sin simultaneidad;Hombres;0;21;8;0;;;25/08/2024
2022;Zaragoza;Grado: Ingeniería de Tecnologías Industriales;Grado;Cambio de estudios sin simultaneidad;Mujeres;0;7;3;0;;;25/08/2024
2022;Zaragoza;Grado: Ingeniería de Tecnologías Industriales;Grado;Graduado;Hombres;60;0;0;0;5.36;77.77;25/08/2024
2022;Zaragoza;Grado: Ingeniería de Tecnologías Industriales;Grado;Graduado;Mujeres;29;0;0;0;5.34;79.19;25/08/2024
2022;Zaragoza;Grado: Ingeniería de Tecnologías Industriales;Grado;Traslado a otra Universidad;Hombres;0;0;0;2;;;25/08/2024
2022;Zaragoza;Grado: Ingeniería de Tecnologías Industriales;Grado;Traslado a otra Universidad;Mujeres;0;0;0;4;;;25/08/2024
2022;Zaragoza;Grado: Ingeniería Eléctrica;Grado;Abandono Voluntario;Hombres;0;16;10;0;;;25/08/2024
2022;Zaragoza;Grado: Ingeniería Eléctrica;Grado;Abandono Voluntario;Mujeres;0;3;0;0;;;25/08/2024
2022;Zaragoza;Grado: Ingeniería Eléctrica;Grado;Cambio de estudios sin simultaneidad;Hombres;0;10;6;0;;;25/08/2024
2022;Zaragoza;Grado: Ingeniería Eléctrica;Grado;Cambio de estudios sin simultaneidad;Mujeres;0;3;2;0;;;25/08/2024
2022;Zaragoza;Grado: Ingeniería Eléctrica;Grado;Graduado;Hombres;17;0;0;0;5.33;76.87;25/08/2024
2022;Zaragoza;Grado: Ingeniería Eléctrica;Grado;Graduado;Mujeres;7;0;0;0;4.50;90.73;25/08/2024
2022;Zaragoza;Grado: Ingeniería Eléctrica;Grado;Traslado a otra Universidad;Hombres;0;0;0;5;;;25/08/2024
2022;Zaragoza;Grado: Ingeniería Eléctrica;Grado;Traslado a otra Universidad;Mujeres;0;0;0;1;;;25/08/2024
2022;Zaragoza;Grado: Ingeniería Electrónica y Automática;Grado;Abandono Voluntario;Hombres;0;35;20;0;;;25/08/2024
2022;Zaragoza;Grado: Ingeniería Electrónica y Automática;Grado;Abandono Voluntario;Mujeres;0;8;5;0;;;25/08/2024
2022;Zaragoza;Grado: Ingeniería Electrónica y Automática;Grado;Cambio de estudios sin simultaneidad;Hombres;0;15;8;0;;;25/08/2024
2022;Zaragoza;Grado: Ingeniería Electrónica y Automática;Grado;Cambio de estudios sin simultaneidad;Mujeres;0;1;0;0;;;25/08/2024
2022;Zaragoza;Grado: Ingeniería Electrónica y Automática;Grado;Graduado;Hombres;37;0;0;0;5.73;79.16;25/08/2024
2022;Zaragoza;Grado: Ingeniería Electrónica y Automática;Grado;Graduado;Mujeres;9;0;0;0;4.67;84.35;25/08/2024
2022;Zaragoza;Grado: Ingeniería Electrónica y Automática;Grado;Traslado a otra Universidad;Hombres;0;0;0;4;;;25/08/2024
2022;Zaragoza;Grado: Ingeniería en Diseño Industrial y Desarrollo de Producto;Grado;Abandono Voluntario;Hombres;0;1;0;0;;;25/08/2024
2022;Zaragoza;Grado: Ingeniería en Diseño Industrial y Desarrollo de Producto;Grado;Abandono Voluntario;Mujeres;0;5;1;0;;;25/08/2024
2022;Zaragoza;Grado: Ingeniería en Diseño Industrial y Desarrollo de Producto;Grado;Cambio de estudios sin simultaneidad;Hombres;0;3;3;0;;;25/08/2024
2022;Zaragoza;Grado: Ingeniería en Diseño Industrial y Desarrollo de Producto;Grado;Graduado;Hombres;29;0;0;0;4.96;87.08;25/08/2024
2022;Zaragoza;Grado: Ingeniería en Diseño Industrial y Desarrollo de Producto;Grado;Graduado;Mujeres;39;0;0;0;4.69;89.72;25/08/2024
2022;Zaragoza;Grado: Ingeniería Informática;Grado;Abandono Voluntario;Hombres;0;17;9;0;;;25/08/2024
2022;Zaragoza;Grado: Ingeniería Informática;Grado;Abandono Voluntario;Mujeres;0;1;1;0;;;25/08/2024
2022;Zaragoza;Grado: Ingeniería Informática;Grado;Cambio de estudios sin simultaneidad;Hombres;0;9;7;0;;;25/08/2024
2022;Zaragoza;Grado: Ingeniería Informática;Grado;Cambio de estudios sin simultaneidad;Mujeres;0;1;1;0;;;25/08/2024
2022;Zaragoza;Grado: Ingeniería Informática;Grado;Graduado;Hombres;53;0;0;0;5.18;86.16;25/08/2024
2022;Zaragoza;Grado: Ingeniería Informática;Grado;Graduado;Mujeres;7;0;0;0;4.67;89.28;25/08/2024
2022;Zaragoza;Grado: Ingeniería Informática;Grado;Traslado a otra Universidad;Hombres;0;0;0;3;;;25/08/2024
2022;Zaragoza;Grado: Ingeniería Informática;Grado;Traslado a otra Universidad;Mujeres;0;0;0;1;;;25/08/2024
2022;Zaragoza;Grado: Ingeniería Mecánica;Grado;Abandono Voluntario;Hombres;0;71;40;0;;;25/08/2024
2022;Zaragoza;Grado: Ingeniería Mecánica;Grado;Abandono Voluntario;Mujeres;0;8;3;0;;;25/08/2024
2022;Zaragoza;Grado: Ingeniería Mecánica;Grado;Cambio de estudios sin simultaneidad;Hombres;0;14;10;0;;;25/08/2024
2022;Zaragoza;Grado: Ingeniería Mecánica;Grado;Cambio de estudios sin simultaneidad;Mujeres;0;6;5;0;;;25/08/2024
2022;Zaragoza;Grado: Ingeniería Mecánica;Grado;Graduado;Hombres;71;0;0;0;5.75;75.32;25/08/2024
2022;Zaragoza;Grado: Ingeniería Mecánica;Grado;Graduado;Mujeres;11;0;0;0;6.44;70.71;25/08/2024
2022;Zaragoza;Grado: Ingeniería Mecánica;Grado;Traslado a otra Universidad;Hombres;0;0;0;9;;;25/08/2024
2022;Zaragoza;Grado: Ingeniería Mecánica;Grado;Traslado a otra Universidad;Mujeres;0;0;0;4;;;25/08/2024
2022;Zaragoza;Grado: Ingeniería Química;Grado;Abandono Voluntario;Hombres;0;9;4;0;;;25/08/2024
2022;Zaragoza;Grado: Ingeniería Química;Grado;Abandono Voluntario;Mujeres;0;8;6;0;;;25/08/2024
2022;Zaragoza;Grado: Ingeniería Química;Grado;Cambio de estudios sin simultaneidad;Hombres;0;4;4;0;;;25/08/2024
2022;Zaragoza;Grado: Ingeniería Química;Grado;Cambio de estudios sin simultaneidad;Mujeres;0;2;2;0;;;25/08/2024
2022;Zaragoza;Grado: Ingeniería Química;Grado;Graduado;Hombres;20;0;0;0;6.00;74.77;25/08/2024
2022;Zaragoza;Grado: Ingeniería Química;Grado;Graduado;Mujeres;17;0;0;0;5.54;77.80;25/08/2024
2022;Zaragoza;Grado: Ingeniería Química;Grado;Traslado a otra Universidad;Mujeres;0;0;0;4;;;25/08/2024
2022;Zaragoza;Grado: Lenguas Modernas;Grado;Abandono Voluntario;Hombres;0;1;0;0;;;25/08/2024
2022;Zaragoza;Grado: Lenguas Modernas;Grado;Abandono Voluntario;Mujeres;0;19;4;0;;;25/08/2024
2022;Zaragoza;Grado: Lenguas Modernas;Grado;Cambio de estudios sin simultaneidad;Hombres;0;1;1;0;;;25/08/2024
2022;Zaragoza;Grado: Lenguas Modernas;Grado;Cambio de estudios sin simultaneidad;Mujeres;0;8;7;0;;;25/08/2024
2022;Zaragoza;Grado: Lenguas Modernas;Grado;Graduado;Hombres;3;0;0;0;6.00;70.18;25/08/2024
2022;Zaragoza;Grado: Lenguas Modernas;Grado;Graduado;Mujeres;21;0;0;0;5.00;90.49;25/08/2024
2022;Zaragoza;Grado: Lenguas Modernas;Grado;Traslado a otra Universidad;Mujeres;0;0;0;1;;;25/08/2024
2022;Zaragoza;Grado: Magisterio en Educación Infantil;Grado;Abandono Voluntario;Hombres;0;1;0;0;;;25/08/2024
2022;Zaragoza;Grado: Magisterio en Educación Infantil;Grado;Abandono Voluntario;Mujeres;0;8;3;0;;;25/08/2024
2022;Zaragoza;Grado: Magisterio en Educación Infantil;Grado;Cambio de estudios sin simultaneidad;Mujeres;0;2;2;0;;;25/08/2024
2022;Zaragoza;Grado: Magisterio en Educación Infantil;Grado;Graduado;Hombres;9;0;0;0;4.44;94.29;25/08/2024
2022;Zaragoza;Grado: Magisterio en Educación Infantil;Grado;Graduado;Mujeres;119;0;0;0;4.15;97.82;25/08/2024
2022;Zaragoza;Grado: Magisterio en Educación Infantil;Grado;Traslado a otra Universidad;Mujeres;0;0;0;1;;;25/08/2024
2022;Zaragoza;Grado: Magisterio en Educación Primaria;Grado;Abandono Voluntario;Hombres;0;6;2;0;;;25/08/2024
2022;Zaragoza;Grado: Magisterio en Educación Primaria;Grado;Abandono Voluntario;Mujeres;0;14;7;0;;;25/08/2024
2022;Zaragoza;Grado: Magisterio en Educación Primaria;Grado;Cambio de estudios sin simultaneidad;Hombres;0;7;3;0;;;25/08/2024
2022;Zaragoza;Grado: Magisterio en Educación Primaria;Grado;Cambio de estudios sin simultaneidad;Mujeres;0;8;3;0;;;25/08/2024
2022;Zaragoza;Grado: Magisterio en Educación Primaria;Grado;Graduado;Hombres;65;0;0;0;4.45;92.80;25/08/2024
2022;Zaragoza;Grado: Magisterio en Educación Primaria;Grado;Graduado;Mujeres;166;0;0;0;4.31;95.42;25/08/2024
2022;Zaragoza;Grado: Magisterio en Educación Primaria;Grado;Traslado a otra Universidad;Mujeres;0;0;0;2;;;25/08/2024
2022;Zaragoza;Grado: Marketing e Investigación de Mercados;Grado;Abandono Voluntario;Hombres;0;30;15;0;;;25/08/2024
2022;Zaragoza;Grado: Marketing e Investigación de Mercados;Grado;Abandono Voluntario;Mujeres;0;30;10;0;;;25/08/2024
2022;Zaragoza;Grado: Marketing e Investigación de Mercados;Grado;Cambio de estudios sin simultaneidad;Hombres;0;5;5;0;;;25/08/2024
2022;Zaragoza;Grado: Marketing e Investigación de Mercados;Grado;Cambio de estudios sin simultaneidad;Mujeres;0;4;3;0;;;25/08/2024
2022;Zaragoza;Grado: Marketing e Investigación de Mercados;Grado;Graduado;Hombres;30;0;0;0;4.74;90.22;25/08/2024
2022;Zaragoza;Grado: Marketing e Investigación de Mercados;Grado;Graduado;Mujeres;52;0;0;0;4.86;89.39;25/08/2024
2022;Zaragoza;Grado: Marketing e Investigación de Mercados;Grado;Traslado a otra Universidad;Hombres;0;0;0;4;;;25/08/2024
2022;Zaragoza;Grado: Marketing e Investigación de Mercados;Grado;Traslado a otra Universidad;Mujeres;0;0;0;6;;;25/08/2024
2022;Zaragoza;Grado: Matemáticas;Grado;Abandono Voluntario;Hombres;0;2;2;0;;;25/08/2024
2022;Zaragoza;Grado: Matemáticas;Grado;Abandono Voluntario;Mujeres;0;1;0;0;;;25/08/2024
2022;Zaragoza;Grado: Matemáticas;Grado;Cambio de estudios sin simultaneidad;Hombres;0;1;1;0;;;25/08/2024
2022;Zaragoza;Grado: Matemáticas;Grado;Cambio de estudios sin simultaneidad;Mujeres;0;1;1;0;;;25/08/2024
2022;Zaragoza;Grado: Matemáticas;Grado;Graduado;Hombres;42;0;0;0;4.89;90.06;25/08/2024
2022;Zaragoza;Grado: Matemáticas;Grado;Graduado;Mujeres;27;0;0;0;4.73;89.71;25/08/2024
2022;Zaragoza;Grado: Matemáticas;Grado;Traslado a otra Universidad;Hombres;0;0;0;3;;;25/08/2024
2022;Zaragoza;Grado: Matemáticas;Grado;Traslado a otra Universidad;Mujeres;0;0;0;1;;;25/08/2024
2022;Zaragoza;Grado: Medicina;Grado;Abandono Voluntario;Hombres;0;3;1;0;;;25/08/2024
2022;Zaragoza;Grado: Medicina;Grado;Abandono Voluntario;Mujeres;0;6;3;0;;;25/08/2024
2022;Zaragoza;Grado: Medicina;Grado;Cambio de estudios sin simultaneidad;Hombres;0;1;0;0;;;25/08/2024
2022;Zaragoza;Grado: Medicina;Grado;Cambio de estudios sin simultaneidad;Mujeres;0;4;2;0;;;25/08/2024
2022;Zaragoza;Grado: Medicina;Grado;Graduado;Hombres;61;0;0;0;5.91;96.77;25/08/2024
2022;Zaragoza;Grado: Medicina;Grado;Graduado;Mujeres;152;0;0;0;6.01;96.74;25/08/2024
2022;Zaragoza;Grado: Medicina;Grado;Traslado a otra Universidad;Hombres;0;0;0;1;;;25/08/2024
2022;Zaragoza;Grado: Medicina;Grado;Traslado a otra Universidad;Mujeres;0;0;0;3;;;25/08/2024
2022;Zaragoza;Grado: Óptica y Optometría;Grado;Abandono Voluntario;Mujeres;0;7;4;0;;;25/08/2024
2022;Zaragoza;Grado: Óptica y Optometría;Grado;Cambio de estudios sin simultaneidad;Mujeres;0;2;2;0;;;25/08/2024
2022;Zaragoza;Grado: Óptica y Optometría;Grado;Graduado;Hombres;9;0;0;0;4.89;80.99;25/08/2024
2022;Zaragoza;Grado: Óptica y Optometría;Grado;Graduado;Mujeres;29;0;0;0;4.21;93.40;25/08/2024
2022;Zaragoza;Grado: Óptica y Optometría;Grado;Traslado a otra Universidad;Hombres;0;0;0;2;;;25/08/2024
2022;Zaragoza;Grado: Óptica y Optometría;Grado;Traslado a otra Universidad;Mujeres;0;0;0;3;;;25/08/2024
2022;Zaragoza;Grado: Periodismo;Grado;Abandono Voluntario;Hombres;0;6;1;0;;;25/08/2024
2022;Zaragoza;Grado: Periodismo;Grado;Abandono Voluntario;Mujeres;0;10;5;0;;;25/08/2024
2022;Zaragoza;Grado: Periodismo;Grado;Cambio de estudios sin simultaneidad;Hombres;0;1;0;0;;;25/08/2024
2022;Zaragoza;Grado: Periodismo;Grado;Cambio de estudios sin simultaneidad;Mujeres;0;1;0;0;;;25/08/2024
2022;Zaragoza;Grado: Periodismo;Grado;Graduado;Hombres;20;0;0;0;4.40;95.14;25/08/2024
2022;Zaragoza;Grado: Periodismo;Grado;Graduado;Mujeres;36;0;0;0;4.15;98.42;25/08/2024
2022;Zaragoza;Grado: Periodismo;Grado;Traslado a otra Universidad;Hombres;0;0;0;3;;;25/08/2024
2022;Zaragoza;Grado: Periodismo;Grado;Traslado a otra Universidad;Mujeres;0;0;0;1;;;25/08/2024
2022;Zaragoza;Grado: Programa conjunto en Derecho-Administración y Dirección de Empresas;Grado;Abandono Voluntario;Hombres;0;2;0;0;;;25/08/2024
2022;Zaragoza;Grado: Programa conjunto en Derecho-Administración y Dirección de Empresas;Grado;Abandono Voluntario;Mujeres;0;2;1;0;;;25/08/2024
2022;Zaragoza;Grado: Programa conjunto en Derecho-Administración y Dirección de Empresas;Grado;Cambio de estudios sin simultaneidad;Mujeres;0;1;1;0;;;25/08/2024
2022;Zaragoza;Grado: Química;Grado;Abandono Voluntario;Hombres;0;20;7;0;;;25/08/2024
2022;Zaragoza;Grado: Química;Grado;Abandono Voluntario;Mujeres;0;10;5;0;;;25/08/2024
2022;Zaragoza;Grado: Química;Grado;Cambio de estudios sin simultaneidad;Hombres;0;12;7;0;;;25/08/2024
2022;Zaragoza;Grado: Química;Grado;Cambio de estudios sin simultaneidad;Mujeres;0;11;7;0;;;25/08/2024
2022;Zaragoza;Grado: Química;Grado;Graduado;Hombres;50;0;0;0;4.94;82.92;25/08/2024
2022;Zaragoza;Grado: Química;Grado;Graduado;Mujeres;61;0;0;0;5.07;82.11;25/08/2024
2022;Zaragoza;Grado: Química;Grado;Traslado a otra Universidad;Hombres;0;0;0;4;;;25/08/2024
2022;Zaragoza;Grado: Química;Grado;Traslado a otra Universidad;Mujeres;0;0;0;5;;;25/08/2024
2022;Zaragoza;Grado: Relaciones Laborales y Recursos Humanos;Grado;Abandono Voluntario;Hombres;0;30;11;0;;;25/08/2024
2022;Zaragoza;Grado: Relaciones Laborales y Recursos Humanos;Grado;Abandono Voluntario;Mujeres;0;39;13;0;;;25/08/2024
2022;Zaragoza;Grado: Relaciones Laborales y Recursos Humanos;Grado;Cambio de estudios sin simultaneidad;Hombres;0;1;0;0;;;25/08/2024
2022;Zaragoza;Grado: Relaciones Laborales y Recursos Humanos;Grado;Cambio de estudios sin simultaneidad;Mujeres;0;6;6;0;;;25/08/2024
2022;Zaragoza;Grado: Relaciones Laborales y Recursos Humanos;Grado;Graduado;Hombres;40;0;0;0;5.05;81.67;25/08/2024
2022;Zaragoza;Grado: Relaciones Laborales y Recursos Humanos;Grado;Graduado;Mujeres;64;0;0;0;5.47;85.04;25/08/2024
2022;Zaragoza;Grado: Relaciones Laborales y Recursos Humanos;Grado;Traslado a otra Universidad;Hombres;0;0;0;1;;;25/08/2024
2022;Zaragoza;Grado: Relaciones Laborales y Recursos Humanos;Grado;Traslado a otra Universidad;Mujeres;0;0;0;3;;;25/08/2024
2022;Zaragoza;Grado: Terapia Ocupacional;Grado;Abandono Voluntario;Hombres;0;6;4;0;;;25/08/2024
2022;Zaragoza;Grado: Terapia Ocupacional;Grado;Abandono Voluntario;Mujeres;0;7;6;0;;;25/08/2024
2022;Zaragoza;Grado: Terapia Ocupacional;Grado;Cambio de estudios sin simultaneidad;Mujeres;0;4;2;0;;;25/08/2024
2022;Zaragoza;Grado: Terapia Ocupacional;Grado;Graduado;Hombres;6;0;0;0;4.00;99.50;25/08/2024
2022;Zaragoza;Grado: Terapia Ocupacional;Grado;Graduado;Mujeres;55;0;0;0;4.08;97.04;25/08/2024
2022;Zaragoza;Grado: Terapia Ocupacional;Grado;Traslado a otra Universidad;Hombres;0;0;0;1;;;25/08/2024
2022;Zaragoza;Grado: Terapia Ocupacional;Grado;Traslado a otra Universidad;Mujeres;0;0;0;3;;;25/08/2024
2022;Zaragoza;Grado: Trabajo Social;Grado;Abandono Voluntario;Hombres;0;11;4;0;;;25/08/2024
2022;Zaragoza;Grado: Trabajo Social;Grado;Abandono Voluntario;Mujeres;0;22;15;0;;;25/08/2024
2022;Zaragoza;Grado: Trabajo Social;Grado;Cambio de estudios sin simultaneidad;Hombres;0;1;1;0;;;25/08/2024
2022;Zaragoza;Grado: Trabajo Social;Grado;Cambio de estudios sin simultaneidad;Mujeres;0;2;2;0;;;25/08/2024
2022;Zaragoza;Grado: Trabajo Social;Grado;Graduado;Hombres;34;0;0;0;4.36;90.96;25/08/2024
2022;Zaragoza;Grado: Trabajo Social;Grado;Graduado;Mujeres;125;0;0;0;4.27;95.37;25/08/2024
2022;Zaragoza;Grado: Trabajo Social;Grado;Traslado a otra Universidad;Hombres;0;0;0;3;;;25/08/2024
2022;Zaragoza;Grado: Trabajo Social;Grado;Traslado a otra Universidad;Mujeres;0;0;0;8;;;25/08/2024
2022;Zaragoza;Grado: Turismo;Grado;Abandono Voluntario;Hombres;0;9;6;0;;;25/08/2024
2022;Zaragoza;Grado: Turismo;Grado;Abandono Voluntario;Mujeres;0;12;2;0;;;25/08/2024
2022;Zaragoza;Grado: Turismo;Grado;Cambio de estudios sin simultaneidad;Mujeres;0;2;2;0;;;25/08/2024
2022;Zaragoza;Grado: Turismo;Grado;Graduado;Hombres;14;0;0;0;5.25;82.78;25/08/2024
2022;Zaragoza;Grado: Turismo;Grado;Graduado;Mujeres;35;0;0;0;4.34;91.35;25/08/2024
2022;Zaragoza;Grado: Veterinaria;Grado;Abandono Voluntario;Hombres;0;1;0;0;;;25/08/2024
2022;Zaragoza;Grado: Veterinaria;Grado;Abandono Voluntario;Mujeres;0;10;4;0;;;25/08/2024
2022;Zaragoza;Grado: Veterinaria;Grado;Cambio de estudios sin simultaneidad;Mujeres;0;1;1;0;;;25/08/2024
2022;Zaragoza;Grado: Veterinaria;Grado;Graduado;Hombres;33;0;0;0;5.45;93.09;25/08/2024
2022;Zaragoza;Grado: Veterinaria;Grado;Graduado;Mujeres;91;0;0;0;5.28;91.98;25/08/2024
2022;Zaragoza;Historia;Licenciatura o equivalente;Traslado a otra Universidad;Mujeres;0;0;0;2;;;25/08/2024
2022;Zaragoza;Historia del Arte;Licenciatura o equivalente;Traslado a otra Universidad;Hombres;0;0;0;3;;;25/08/2024
2022;Zaragoza;Historia del Arte;Licenciatura o equivalente;Traslado a otra Universidad;Mujeres;0;0;0;1;;;25/08/2024
2022;Zaragoza;Ingeniero Industrial;Licenciatura o equivalente;Traslado a otra Universidad;Hombres;0;0;0;1;;;25/08/2024
2022;Zaragoza;Ingeniero Técnico Industrial, Esp. Electricidad;Diplomatura o equivalente;Traslado a otra Universidad;Hombres;0;0;0;1;;;25/08/2024
2022;Zaragoza;Ingeniero Técnico Industrial, Esp.Química Industrial;Diplomatura o equivalente;Traslado a otra Universidad;Hombres;0;0;0;1;;;25/08/2024
2022;Zaragoza;Licenciado en Administración y Dirección de Empresas;Licenciatura o equivalente;Traslado a otra Universidad;Mujeres;0;0;0;2;;;25/08/2024
2022;Zaragoza;Licenciado en Economía;Licenciatura o equivalente;Traslado a otra Universidad;Mujeres;0;0;0;1;;;25/08/2024
2022;Zaragoza;Máster: Abogacía;Máster;Abandono Voluntario;Hombres;0;1;0;0;;;25/08/2024
2022;Zaragoza;Máster: Abogacía;Máster;Abandono Voluntario;Mujeres;0;1;0;0;;;25/08/2024
2022;Zaragoza;Máster: Abogacía;Máster;Graduado;Hombres;27;0;0;0;2.04;99.75;25/08/2024
2022;Zaragoza;Máster: Abogacía;Máster;Graduado;Mujeres;48;0;0;0;2.00;99.31;25/08/2024
2022;Zaragoza;Máster: Aprendizaje a lo largo de la vida: Iniciación a la investigación;Máster;Abandono Voluntario;Hombres;0;1;0;0;;;25/08/2024
2022;Zaragoza;Máster: Aprendizaje a lo largo de la vida: Iniciación a la investigación;Máster;Abandono Voluntario;Mujeres;0;7;2;0;;;25/08/2024
2022;Zaragoza;Máster: Aprendizaje a lo largo de la vida: Iniciación a la investigación;Máster;Graduado;Hombres;14;0;0;0;1.15;95.49;25/08/2024
2022;Zaragoza;Máster: Aprendizaje a lo largo de la vida: Iniciación a la investigación;Máster;Graduado;Mujeres;11;0;0;0;1.00;100.00;25/08/2024
2022;Zaragoza;Máster: Arquitectura;Máster;Abandono Voluntario;Hombres;0;2;1;0;;;25/08/2024
2022;Zaragoza;Máster: Arquitectura;Máster;Graduado;Hombres;9;0;0;0;1.56;78.26;25/08/2024
2022;Zaragoza;Máster: Arquitectura;Máster;Graduado;Mujeres;9;0;0;0;1.44;81.74;25/08/2024
2022;Zaragoza;Máster: Auditoría;Máster;Abandono Voluntario;Hombres;0;1;1;0;;;25/08/2024
2022;Zaragoza;Máster: Auditoría;Máster;Abandono Voluntario;Mujeres;0;2;1;0;;;25/08/2024
2022;Zaragoza;Máster: Auditoría;Máster;Graduado;Hombres;20;0;0;0;1.10;99.01;25/08/2024
2022;Zaragoza;Máster: Auditoría;Máster;Graduado;Mujeres;11;0;0;0;1.36;96.49;25/08/2024
2022;Zaragoza;Máster: Biofísica y Biotecnología Cuantitativa/Biophysics and Quantitative Biotechnology;Máster;Graduado;Hombres;1;0;0;0;2.00;100.00;25/08/2024
2022;Zaragoza;Máster: Biofísica y Biotecnología Cuantitativa/Biophysics and Quantitative Biotechnology;Máster;Graduado;Mujeres;3;0;0;0;2.00;100.00;25/08/2024
2022;Zaragoza;Máster: Biología Molecular y Celular;Máster;Graduado;Hombres;4;0;0;0;1.25;88.89;25/08/2024
2022;Zaragoza;Máster: Biología Molecular y Celular;Máster;Graduado;Mujeres;12;0;0;0;1.00;90.91;25/08/2024
2022;Zaragoza;Máster: Biotecnología Cuantitativa;Máster;Abandono Voluntario;Hombres;0;1;1;0;;;25/08/2024
2022;Zaragoza;Máster: Calidad, Seguridad y Tecnología de los Alimentos;Máster;Abandono Voluntario;Hombres;0;1;0;0;;;25/08/2024
2022;Zaragoza;Máster: Calidad, Seguridad y Tecnología de los Alimentos;Máster;Graduado;Hombres;5;0;0;0;2.00;100.00;25/08/2024
2022;Zaragoza;Máster: Calidad, Seguridad y Tecnología de los Alimentos;Máster;Graduado;Mujeres;18;0;0;0;2.00;100.00;25/08/2024
2022;Zaragoza;Máster: Cond. genéticos, nutric. y amb. del crec. y desarrollo;Máster;Graduado;Hombres;4;0;0;0;;100.00;25/08/2024
2022;Zaragoza;Máster: Cond. genéticos, nutric. y amb. del crec. y desarrollo;Máster;Graduado;Mujeres;20;0;0;0;1.00;98.77;25/08/2024
2022;Zaragoza;Máster: Consultoría de Información y Comunicación Digital;Máster;Abandono Voluntario;Mujeres;0;2;1;0;;;25/08/2024
2022;Zaragoza;Máster: Consultoría de Información y Comunicación Digital;Máster;Graduado;Hombres;3;0;0;0;1.00;100.00;25/08/2024
2022;Zaragoza;Máster: Consultoría de Información y Comunicación Digital;Máster;Graduado;Mujeres;16;0;0;0;1.64;93.94;25/08/2024
2022;Zaragoza;Máster: Contabilidad y Finanzas;Máster;Abandono Voluntario;Hombres;0;3;0;0;;;25/08/2024
2022;Zaragoza;Máster: Contabilidad y Finanzas;Máster;Abandono Voluntario;Mujeres;0;1;0;0;;;25/08/2024
2022;Zaragoza;Máster: Contabilidad y Finanzas;Máster;Graduado;Hombres;8;0;0;0;1.25;93.75;25/08/2024
2022;Zaragoza;Máster: Contabilidad y Finanzas;Máster;Graduado;Mujeres;6;0;0;0;1.33;93.75;25/08/2024
2022;Zaragoza;Máster: Culturas e Identidades Hispánicas;Máster;Graduado;Hombres;2;0;0;0;2.00;100.00;25/08/2024
2022;Zaragoza;Máster: Culturas e Identidades Hispánicas;Máster;Graduado;Mujeres;1;0;0;0;2.00;100.00;25/08/2024
2022;Zaragoza;Máster: Derecho de la Administración Pública;Máster;Abandono Voluntario;Hombres;0;1;1;0;;;25/08/2024
2022;Zaragoza;Máster: Derecho de la Administración Pública;Máster;Abandono Voluntario;Mujeres;0;4;2;0;;;25/08/2024
2022;Zaragoza;Máster: Derecho de la Administración Pública;Máster;Graduado;Hombres;6;0;0;0;1.25;93.70;25/08/2024
2022;Zaragoza;Máster: Derecho de la Administración Pública;Máster;Graduado;Mujeres;8;0;0;0;1.50;90.40;25/08/2024
2022;Zaragoza;Máster: Dirección, Estrategia y Marketing;Máster;Abandono Voluntario;Hombres;0;1;0;0;;;25/08/2024
2022;Zaragoza;Máster: Dirección, Estrategia y Marketing;Máster;Abandono Voluntario;Mujeres;0;1;1;0;;;25/08/2024
2022;Zaragoza;Máster: Dirección, Estrategia y Marketing;Máster;Graduado;Hombres;4;0;0;0;1.25;95.24;25/08/2024
2022;Zaragoza;Máster: Dirección, Estrategia y Marketing;Máster;Graduado;Mujeres;10;0;0;0;1.11;98.04;25/08/2024
2022;Zaragoza;Máster: Dirección y Gestión de Adquisiciones de Sistemas para la Defensa;Máster;Graduado;Hombres;24;0;0;0;1.00;99.33;25/08/2024
2022;Zaragoza;Máster: Dirección y Gestión de Adquisiciones de Sistemas para la Defensa;Máster;Graduado;Mujeres;5;0;0;0;1.00;100.00;25/08/2024
2022;Zaragoza;Máster: Economía;Máster;Abandono Voluntario;Mujeres;0;1;1;0;;;25/08/2024
2022;Zaragoza;Máster: Economía;Máster;Graduado;Hombres;7;0;0;0;1.43;93.33;25/08/2024
2022;Zaragoza;Máster: Economía;Máster;Graduado;Mujeres;4;0;0;0;1.25;94.12;25/08/2024
2022;Zaragoza;Máster: Economía Circular;Máster;Graduado;Hombres;6;0;0;0;2.00;100.00;25/08/2024
2022;Zaragoza;Máster: Economía Circular;Máster;Graduado;Mujeres;6;0;0;0;2.00;100.00;25/08/2024
2022;Zaragoza;Máster: Energías Renovables y Eficiencia Energética;Máster;Abandono Voluntario;Hombres;0;1;0;0;;;25/08/2024
2022;Zaragoza;Máster: Energías Renovables y Eficiencia Energética;Máster;Graduado;Hombres;21;0;0;0;2.58;89.78;25/08/2024
2022;Zaragoza;Máster: Energías Renovables y Eficiencia Energética;Máster;Graduado;Mujeres;7;0;0;0;2.00;100.00;25/08/2024
2022;Zaragoza;Máster: Enseñanza del Español como Lengua Extranjera;Máster;Graduado;Hombres;5;0;0;0;1.00;99.01;25/08/2024
2022;Zaragoza;Máster: Enseñanza del Español como Lengua Extranjera;Máster;Graduado;Mujeres;13;0;0;0;1.00;100.00;25/08/2024
2022;Zaragoza;Máster: Estudios Avanzados en Historia del Arte;Máster;Abandono Voluntario;Mujeres;0;1;1;0;;;25/08/2024
2022;Zaragoza;Máster: Estudios Avanzados en Historia del Arte;Máster;Graduado;Hombres;2;0;0;0;1.00;100.00;25/08/2024
2022;Zaragoza;Máster: Estudios Avanzados en Historia del Arte;Máster;Graduado;Mujeres;5;0;0;0;1.40;91.32;25/08/2024
2022;Zaragoza;Máster: Física del Universo: Cosmología, Astrofísica, Partículas y Astropartículas;Máster;Graduado;Hombres;3;0;0;0;2.00;100.00;25/08/2024
2022;Zaragoza;Máster: Física y Tecnologías Físicas;Máster;Graduado;Hombres;6;0;0;0;1.00;100.00;25/08/2024
2022;Zaragoza;Máster: Física y Tecnologías Físicas;Máster;Graduado;Mujeres;5;0;0;0;1.00;100.00;25/08/2024
2022;Zaragoza;Máster: Geología: Técnicas y Aplicaciones;Máster;Abandono Voluntario;Hombres;0;1;1;0;;;25/08/2024
2022;Zaragoza;Máster: Geología: Técnicas y Aplicaciones;Máster;Abandono Voluntario;Mujeres;0;1;0;0;;;25/08/2024
2022;Zaragoza;Máster: Geología: Técnicas y Aplicaciones;Máster;Graduado;Hombres;6;0;0;0;1.40;93.75;25/08/2024
2022;Zaragoza;Máster: Geología: Técnicas y Aplicaciones;Máster;Graduado;Mujeres;1;0;0;0;1.00;100.00;25/08/2024
2022;Zaragoza;Máster: Gerontología Social;Máster;Abandono Voluntario;Hombres;0;1;0;0;;;25/08/2024
2022;Zaragoza;Máster: Gerontología Social;Máster;Abandono Voluntario;Mujeres;0;1;0;0;;;25/08/2024
2022;Zaragoza;Máster: Gerontología Social;Máster;Graduado;Hombres;6;0;0;0;1.00;100.00;25/08/2024
2022;Zaragoza;Máster: Gerontología Social;Máster;Graduado;Mujeres;21;0;0;0;1.05;99.06;25/08/2024
2022;Zaragoza;Máster: Gestión Administrativa;Máster;Abandono Voluntario;Mujeres;0;1;1;0;;;25/08/2024
2022;Zaragoza;Máster: Gestión Administrativa;Máster;Graduado;Hombres;4;0;0;0;2.00;97.56;25/08/2024
2022;Zaragoza;Máster: Gestión Administrativa;Máster;Graduado;Mujeres;5;0;0;0;1.00;100.00;25/08/2024
2022;Zaragoza;Máster: Gestión del Patrimonio Cultural;Máster;Abandono Voluntario;Mujeres;0;2;1;0;;;25/08/2024
2022;Zaragoza;Máster: Gestión del Patrimonio Cultural;Máster;Graduado;Hombres;8;0;0;0;1.62;89.89;25/08/2024
2022;Zaragoza;Máster: Gestión del Patrimonio Cultural;Máster;Graduado;Mujeres;9;0;0;0;1.00;100.00;25/08/2024
2022;Zaragoza;Máster: Gestión Estratégica de Recursos Humanos;Máster;Graduado;Hombres;3;0;0;0;2.00;100.00;25/08/2024
2022;Zaragoza;Máster: Gestión Estratégica de Recursos Humanos;Máster;Graduado;Mujeres;10;0;0;0;2.00;100.00;25/08/2024
2022;Zaragoza;Máster: Historia Contemporánea;Máster;Abandono Voluntario;Hombres;0;2;0;0;;;25/08/2024
2022;Zaragoza;Máster: Historia Contemporánea;Máster;Abandono Voluntario;Mujeres;0;2;1;0;;;25/08/2024
2022;Zaragoza;Máster: Historia Contemporánea;Máster;Cambio de estudios sin simultaneidad;Hombres;0;1;1;0;;;25/08/2024
2022;Zaragoza;Máster: Historia Contemporánea;Máster;Cambio de estudios sin simultaneidad;Mujeres;0;1;1;0;;;25/08/2024
2022;Zaragoza;Máster: Historia Contemporánea;Máster;Graduado;Hombres;8;0;0;0;1.33;90.57;25/08/2024
2022;Zaragoza;Máster: Historia Contemporánea;Máster;Graduado;Mujeres;1;0;0;0;2.00;66.67;25/08/2024
2022;Zaragoza;Máster: Ingeniería Biomédica;Máster;Graduado;Hombres;8;0;0;0;2.00;100.00;25/08/2024
2022;Zaragoza;Máster: Ingeniería Biomédica;Máster;Graduado;Mujeres;11;0;0;0;1.73;100.00;25/08/2024
2022;Zaragoza;Máster: Ingeniería biomédica;Máster;Abandono Voluntario;Mujeres;0;2;0;0;;;25/08/2024
2022;Zaragoza;Máster: Ingeniería biomédica;Máster;Graduado;Hombres;2;0;0;0;3.00;90.91;25/08/2024
2022;Zaragoza;Máster: Ingeniería biomédica;Máster;Graduado;Mujeres;2;0;0;0;7.00;75.76;25/08/2024
2022;Zaragoza;Máster: Ingeniería de Diseño de Producto;Máster;Abandono Voluntario;Hombres;0;1;0;0;;;25/08/2024
2022;Zaragoza;Máster: Ingeniería de Diseño de Producto;Máster;Graduado;Hombres;9;0;0;0;1.00;99.16;25/08/2024
2022;Zaragoza;Máster: Ingeniería de Diseño de Producto;Máster;Graduado;Mujeres;9;0;0;0;1.00;100.00;25/08/2024
2022;Zaragoza;Máster: Ingeniería de Telecomunicación;Máster;Graduado;Hombres;9;0;0;0;2.12;91.57;25/08/2024
2022;Zaragoza;Máster: Ingeniería de Telecomunicación;Máster;Graduado;Mujeres;4;0;0;0;2.00;91.02;25/08/2024
2022;Zaragoza;Máster: Ingeniería Electrónica;Máster;Abandono Voluntario;Hombres;0;4;2;0;;;25/08/2024
2022;Zaragoza;Máster: Ingeniería Electrónica;Máster;Abandono Voluntario;Mujeres;0;1;1;0;;;25/08/2024
2022;Zaragoza;Máster: Ingeniería Electrónica;Máster;Graduado;Hombres;6;0;0;0;1.40;89.29;25/08/2024
2022;Zaragoza;Máster: Ingeniería Electrónica;Máster;Graduado;Mujeres;1;0;0;0;;;25/08/2024
2022;Zaragoza;Máster: Ingeniería Industrial;Máster;Abandono Voluntario;Hombres;0;11;0;0;;;25/08/2024
2022;Zaragoza;Máster: Ingeniería Industrial;Máster;Abandono Voluntario;Mujeres;0;1;0;0;;;25/08/2024
2022;Zaragoza;Máster: Ingeniería Industrial;Máster;Graduado;Hombres;67;0;0;0;2.43;89.59;25/08/2024
2022;Zaragoza;Máster: Ingeniería Industrial;Máster;Graduado;Mujeres;22;0;0;0;2.50;92.80;25/08/2024
2022;Zaragoza;Máster: Ingeniería Informática;Máster;Abandono Voluntario;Hombres;0;2;0;0;;;25/08/2024
2022;Zaragoza;Máster: Ingeniería Informática;Máster;Graduado;Hombres;5;0;0;0;2.00;93.77;25/08/2024
2022;Zaragoza;Máster: Ingeniería Mecánica;Máster;Graduado;Hombres;12;0;0;0;1.14;94.66;25/08/2024
2022;Zaragoza;Máster: Ingeniería Mecánica;Máster;Graduado;Mujeres;2;0;0;0;;100.00;25/08/2024
2022;Zaragoza;Máster: Ingeniería Química;Máster;Abandono Voluntario;Hombres;0;1;0;0;;;25/08/2024
2022;Zaragoza;Máster: Ingeniería Química;Máster;Graduado;Hombres;10;0;0;0;2.22;90.14;25/08/2024
2022;Zaragoza;Máster: Ingeniería Química;Máster;Graduado;Mujeres;5;0;0;0;2.75;91.36;25/08/2024
2022;Zaragoza;Máster: Iniciación a la Investigación en Ciencias de la Enfermería;Máster;Abandono Voluntario;Hombres;0;1;0;0;;;25/08/2024
2022;Zaragoza;Máster: Iniciación a la Investigación en Ciencias de la Enfermería;Máster;Graduado;Hombres;2;0;0;0;1.00;100.00;25/08/2024
2022;Zaragoza;Máster: Iniciación a la Investigación en Ciencias de la Enfermería;Máster;Graduado;Mujeres;3;0;0;0;1.00;100.00;25/08/2024
2022;Zaragoza;Máster: Iniciación a la investigación en Medicina;Máster;Graduado;Hombres;17;0;0;0;1.12;96.74;25/08/2024
2022;Zaragoza;Máster: Iniciación a la investigación en Medicina;Máster;Graduado;Mujeres;46;0;0;0;1.09;97.57;25/08/2024
2022;Zaragoza;Máster: Investigación en Filosofía;Máster;Abandono Voluntario;Hombres;0;1;0;0;;;25/08/2024
2022;Zaragoza;Máster: Investigación en Filosofía;Máster;Abandono Voluntario;Mujeres;0;4;4;0;;;25/08/2024
2022;Zaragoza;Máster: Investigación en Filosofía;Máster;Cambio de estudios sin simultaneidad;Mujeres;0;1;0;0;;;25/08/2024
2022;Zaragoza;Máster: Investigación en Filosofía;Máster;Graduado;Hombres;3;0;0;0;1.00;100.00;25/08/2024
2022;Zaragoza;Máster: Investigación en Filosofía;Máster;Graduado;Mujeres;2;0;0;0;1.50;85.11;25/08/2024
2022;Zaragoza;Máster: Investigación y Estudios Avanzados en Historia;Máster;Abandono Voluntario;Hombres;0;2;1;0;;;25/08/2024
2022;Zaragoza;Máster: Investigación y Estudios Avanzados en Historia;Máster;Abandono Voluntario;Mujeres;0;1;0;0;;;25/08/2024
2022;Zaragoza;Máster: Investigación y Estudios Avanzados en Historia;Máster;Graduado;Hombres;5;0;0;0;1.00;100.00;25/08/2024
2022;Zaragoza;Máster: Investigación y Estudios Avanzados en Historia;Máster;Graduado;Mujeres;2;0;0;0;1.00;100.00;25/08/2024
2022;Zaragoza;Máster: Materiales nanoestructurados para aplicaciones nanotecnológicas;Máster;Graduado;Hombres;5;0;0;0;1.00;100.00;25/08/2024
2022;Zaragoza;Máster: Materiales nanoestructurados para aplicaciones nanotecnológicas;Máster;Graduado;Mujeres;4;0;0;0;1.00;100.00;25/08/2024
2022;Zaragoza;Máster: Modelización e Investigación Matemática, Estadística y Computación;Máster;Abandono Voluntario;Hombres;0;1;0;0;;;25/08/2024
2022;Zaragoza;Máster: Modelización e Investigación Matemática, Estadística y Computación;Máster;Cambio de estudios sin simultaneidad;Mujeres;0;2;2;0;;;25/08/2024
2022;Zaragoza;Máster: Modelización e Investigación Matemática, Estadística y Computación;Máster;Graduado;Hombres;13;0;0;0;1.62;87.92;25/08/2024
2022;Zaragoza;Máster: Modelización e Investigación Matemática, Estadística y Computación;Máster;Graduado;Mujeres;2;0;0;0;1.00;100.00;25/08/2024
2022;Zaragoza;Máster: Mundo Antiguo y Patrimonio Arqueológico;Máster;Abandono Voluntario;Hombres;0;1;0;0;;;25/08/2024
2022;Zaragoza;Máster: Mundo Antiguo y Patrimonio Arqueológico;Máster;Graduado;Hombres;3;0;0;0;1.00;100.00;25/08/2024
2022;Zaragoza;Máster: Mundo Antiguo y Patrimonio Arqueológico;Máster;Graduado;Mujeres;1;0;0;0;1.00;100.00;25/08/2024
2022;Zaragoza;Máster: Nutrición Animal;Máster;Graduado;Hombres;11;0;0;0;2.00;100.00;25/08/2024
2022;Zaragoza;Máster: Nutrición Animal;Máster;Graduado;Mujeres;6;0;0;0;2.00;100.00;25/08/2024
2022;Zaragoza;Máster: Nutrición animal;Máster;Abandono Voluntario;Mujeres;0;1;0;0;;;25/08/2024
2022;Zaragoza;Máster: Ordenación Territorial y Medioambiental;Máster;Abandono Voluntario;Hombres;0;1;0;0;;;25/08/2024
2022;Zaragoza;Máster: Ordenación Territorial y Medioambiental;Máster;Abandono Voluntario;Mujeres;0;1;1;0;;;25/08/2024
2022;Zaragoza;Máster: Ordenación Territorial y Medioambiental;Máster;Graduado;Hombres;11;0;0;0;1.22;87.72;25/08/2024
2022;Zaragoza;Máster: Ordenación Territorial y Medioambiental;Máster;Graduado;Mujeres;8;0;0;0;1.38;93.02;25/08/2024
2022;Zaragoza;Máster: Prevención de riesgos laborales;Máster;Abandono Voluntario;Hombres;0;2;0;0;;;25/08/2024
2022;Zaragoza;Máster: Prevención de riesgos laborales;Máster;Graduado;Hombres;11;0;0;0;1.20;97.96;25/08/2024
2022;Zaragoza;Máster: Prevención de riesgos laborales;Máster;Graduado;Mujeres;20;0;0;0;1.75;95.24;25/08/2024
2022;Zaragoza;Máster: Profesorado E.S.O., F.P. y Ens. Idiom, Art y Deport;Máster;Abandono Voluntario;Hombres;0;15;10;0;;;25/08/2024
2022;Zaragoza;Máster: Profesorado E.S.O., F.P. y Ens. Idiom, Art y Deport;Máster;Abandono Voluntario;Mujeres;0;22;13;0;;;25/08/2024
2022;Zaragoza;Máster: Profesorado E.S.O., F.P. y Ens. Idiom, Art y Deport;Máster;Graduado;Hombres;192;0;0;0;1.16;96.53;25/08/2024
2022;Zaragoza;Máster: Profesorado E.S.O., F.P. y Ens. Idiom, Art y Deport;Máster;Graduado;Mujeres;207;0;0;0;1.13;97.82;25/08/2024
2022;Zaragoza;Máster: Profesorado E.S.O., F.P. y Ens. Idiom, Art y Deport;Máster;Traslado a otra Universidad;Mujeres;0;0;0;1;;;25/08/2024
2022;Zaragoza;Máster: Química Industrial;Máster;Graduado;Hombres;11;0;0;0;1.00;100.00;25/08/2024
2022;Zaragoza;Máster: Química Industrial;Máster;Graduado;Mujeres;5;0;0;0;1.00;100.00;25/08/2024
2022;Zaragoza;Máster: Química Molecular y Catálisis Homogénea;Máster;Abandono Voluntario;Mujeres;0;1;1;0;;;25/08/2024
2022;Zaragoza;Máster: Química Molecular y Catálisis Homogénea;Máster;Graduado;Hombres;10;0;0;0;1.00;100.00;25/08/2024
2022;Zaragoza;Máster: Química Molecular y Catálisis Homogénea;Máster;Graduado;Mujeres;12;0;0;0;1.00;100.00;25/08/2024
2022;Zaragoza;Máster: Relaciones de Género;Máster;Abandono Voluntario;Hombres;0;1;1;0;;;25/08/2024
2022;Zaragoza;Máster: Relaciones de Género;Máster;Abandono Voluntario;Mujeres;0;7;4;0;;;25/08/2024
2022;Zaragoza;Máster: Relaciones de Género;Máster;Graduado;Hombres;4;0;0;0;1.50;95.24;25/08/2024
2022;Zaragoza;Máster: Relaciones de Género;Máster;Graduado;Mujeres;13;0;0;0;1.08;98.48;25/08/2024
2022;Zaragoza;Máster: Robótica, Gráficos y Visión por Computador/Robotics, Graphics and Computer Vision;Máster;Graduado;Hombres;13;0;0;0;2.08;98.99;25/08/2024
2022;Zaragoza;Máster: Salud Global: Integración de la Salud Ambiental, Humana y Animal;Máster;Graduado;Hombres;1;0;0;0;1.00;100.00;25/08/2024
2022;Zaragoza;Máster: Salud Global: Integración de la Salud Ambiental, Humana y Animal;Máster;Graduado;Mujeres;9;0;0;0;1.00;100.00;25/08/2024
2022;Zaragoza;Máster: Salud pública;Máster;Abandono Voluntario;Mujeres;0;2;0;0;;;25/08/2024
2022;Zaragoza;Máster: Sociología de las Políticas Públicas y Sociales;Máster;Abandono Voluntario;Hombres;0;1;0;0;;;25/08/2024
2022;Zaragoza;Máster: Sociología de las Políticas Públicas y Sociales;Máster;Abandono Voluntario;Mujeres;0;2;0;0;;;25/08/2024
2022;Zaragoza;Máster: Sociología de las Políticas Públicas y Sociales;Máster;Graduado;Hombres;5;0;0;0;1.40;87.72;25/08/2024
2022;Zaragoza;Máster: Sociología de las Políticas Públicas y Sociales;Máster;Graduado;Mujeres;8;0;0;0;2.29;92.31;25/08/2024
2022;Zaragoza;Máster: Tec.Información Geográfica para Ordenación Territorio: Sig/Teled;Máster;Abandono Voluntario;Hombres;0;3;1;0;;;25/08/2024
2022;Zaragoza;Máster: Tec.Información Geográfica para Ordenación Territorio: Sig/Teled;Máster;Graduado;Hombres;14;0;0;0;1.50;93.35;25/08/2024
2022;Zaragoza;Máster: Tec.Información Geográfica para Ordenación Territorio: Sig/Teled;Máster;Graduado;Mujeres;7;0;0;0;1.14;97.24;25/08/2024
2022;Zaragoza;Químicas;Licenciatura o equivalente;Traslado a otra Universidad;Hombres;0;0;0;2;;;25/08/2024
2022;Zaragoza;Relaciones Laborales;Diplomatura o equivalente;Traslado a otra Universidad;Hombres;0;0;0;1;;;25/08/2024
2022;Zaragoza;Trabajo Social;Diplomatura o equivalente;Traslado a otra Universidad;Mujeres;0;0;0;1;;;25/08/2024
